[
{
    "fields": {
        "model": "permission",
        "app_label": "auth"
    },
    "model": "contenttypes.contenttype",
    "pk": 1
},
{
    "fields": {
        "model": "group",
        "app_label": "auth"
    },
    "model": "contenttypes.contenttype",
    "pk": 2
},
{
    "fields": {
        "model": "user",
        "app_label": "auth"
    },
    "model": "contenttypes.contenttype",
    "pk": 3
},
{
    "fields": {
        "model": "contenttype",
        "app_label": "contenttypes"
    },
    "model": "contenttypes.contenttype",
    "pk": 4
},
{
    "fields": {
        "model": "session",
        "app_label": "sessions"
    },
    "model": "contenttypes.contenttype",
    "pk": 5
},
{
    "fields": {
        "model": "site",
        "app_label": "sites"
    },
    "model": "contenttypes.contenttype",
    "pk": 6
},
{
    "fields": {
        "model": "logentry",
        "app_label": "admin"
    },
    "model": "contenttypes.contenttype",
    "pk": 7
},
{
    "fields": {
        "model": "tag",
        "app_label": "tagging"
    },
    "model": "contenttypes.contenttype",
    "pk": 8
},
{
    "fields": {
        "model": "taggeditem",
        "app_label": "tagging"
    },
    "model": "contenttypes.contenttype",
    "pk": 9
},
{
    "fields": {
        "model": "region",
        "app_label": "job"
    },
    "model": "contenttypes.contenttype",
    "pk": 10
},
{
    "fields": {
        "model": "city",
        "app_label": "job"
    },
    "model": "contenttypes.contenttype",
    "pk": 11
},
{
    "fields": {
        "model": "category",
        "app_label": "job"
    },
    "model": "contenttypes.contenttype",
    "pk": 12
},
{
    "fields": {
        "model": "company",
        "app_label": "job"
    },
    "model": "contenttypes.contenttype",
    "pk": 13
},
{
    "fields": {
        "model": "jobtype",
        "app_label": "job"
    },
    "model": "contenttypes.contenttype",
    "pk": 14
},
{
    "fields": {
        "model": "job",
        "app_label": "job"
    },
    "model": "contenttypes.contenttype",
    "pk": 15
},
{
    "fields": {
        "model": "jobapply",
        "app_label": "job"
    },
    "model": "contenttypes.contenttype",
    "pk": 16
},
{
    "fields": {
        "model": "userprofile",
        "app_label": "job"
    },
    "model": "contenttypes.contenttype",
    "pk": 17
},
{
    "fields": {
        "model": "registrationprofile",
        "app_label": "registration"
    },
    "model": "contenttypes.contenttype",
    "pk": 18
},
{
    "fields": {
        "model": "usersocialauth",
        "app_label": "social_auth"
    },
    "model": "contenttypes.contenttype",
    "pk": 19
},
{
    "fields": {
        "model": "nonce",
        "app_label": "social_auth"
    },
    "model": "contenttypes.contenttype",
    "pk": 20
},
{
    "fields": {
        "model": "association",
        "app_label": "social_auth"
    },
    "model": "contenttypes.contenttype",
    "pk": 21
},
{
    "fields": {
        "model": "socialtoken",
        "app_label": "socialaccount"
    },
    "model": "contenttypes.contenttype",
    "pk": 22
},
{
    "fields": {
        "model": "socialapp",
        "app_label": "socialaccount"
    },
    "model": "contenttypes.contenttype",
    "pk": 23
},
{
    "fields": {
        "expire_date": "2016-08-26T04:44:53.415",
        "session_data": "YTE2NTNiYWQ0YjU5ZTM1OTMxODY4YmQ3NDA0ZTBlMTgyM2Y0YzdiMTp7Il9zZXNzaW9uX2V4cGlyeSI6MCwiX2F1dGhfdXNlcl9oYXNoIjoiNGFkN2M3YzdlODkyNGIxNDAwYzkwNzVlNTk2NjIxZjc4NmY3ZGZjMyIsIl9hdXRoX3VzZXJfaWQiOiIxIiwiX2F1dGhfdXNlcl9iYWNrZW5kIjoiYWxsYXV0aC5hY2NvdW50LmF1dGhfYmFja2VuZHMuQXV0aGVudGljYXRpb25CYWNrZW5kIn0="
    },
    "model": "sessions.session",
    "pk": "1aa4lzrscptue9glu3kv2kgjq0n4867f"
},
{
    "fields": {
        "expire_date": "2016-08-26T04:46:17.671",
        "session_data": "ZmMxNzMzZDA3NjIwMjRhMTRhOGI4YzRiOWFkMTdjNDFmMjU4Y2QwOTp7ImFjY291bnRfdXNlciI6IjIiLCJfbWVzc2FnZXMiOiJbW1wiX19qc29uX21lc3NhZ2VcIiwwLDIwLFwiQ29uZmlybWF0aW9uIGUtbWFpbCBzZW50IHRvIG1pa2VAdmViLmNvLm56LlwiXV0iLCJhY2NvdW50X3ZlcmlmaWVkX2VtYWlsIjpudWxsfQ=="
    },
    "model": "sessions.session",
    "pk": "rwvwlj2cvgbv6jit5f1lklambx76fvd3"
},
{
    "fields": {
        "domain": "oddit.co.nz",
        "name": "OddIT"
    },
    "model": "sites.site",
    "pk": 1
},
{
    "fields": {
        "name": "Northland"
    },
    "model": "job.region",
    "pk": 1
},
{
    "fields": {
        "name": "Auckland"
    },
    "model": "job.region",
    "pk": 2
},
{
    "fields": {
        "name": "Waikato"
    },
    "model": "job.region",
    "pk": 3
},
{
    "fields": {
        "name": "Bay of Plenty"
    },
    "model": "job.region",
    "pk": 4
},
{
    "fields": {
        "name": "Gisborne"
    },
    "model": "job.region",
    "pk": 5
},
{
    "fields": {
        "name": "Hawke's Bay"
    },
    "model": "job.region",
    "pk": 6
},
{
    "fields": {
        "name": "Taranaki"
    },
    "model": "job.region",
    "pk": 7
},
{
    "fields": {
        "name": "Manuwatu-Wanganui"
    },
    "model": "job.region",
    "pk": 8
},
{
    "fields": {
        "name": "Wellington"
    },
    "model": "job.region",
    "pk": 9
},
{
    "fields": {
        "name": "Tasman"
    },
    "model": "job.region",
    "pk": 10
},
{
    "fields": {
        "name": "Nelson"
    },
    "model": "job.region",
    "pk": 11
},
{
    "fields": {
        "name": "Marlborough"
    },
    "model": "job.region",
    "pk": 12
},
{
    "fields": {
        "name": "West Coast"
    },
    "model": "job.region",
    "pk": 13
},
{
    "fields": {
        "name": "Canterbury"
    },
    "model": "job.region",
    "pk": 14
},
{
    "fields": {
        "name": "Otago"
    },
    "model": "job.region",
    "pk": 15
},
{
    "fields": {
        "name": "Southland"
    },
    "model": "job.region",
    "pk": 16
},
{
    "fields": {
        "region": 1,
        "name": "Whangarei"
    },
    "model": "job.city",
    "pk": 2
},
{
    "fields": {
        "region": 1,
        "name": "Kaitaia"
    },
    "model": "job.city",
    "pk": 3
},
{
    "fields": {
        "region": 1,
        "name": "Rest of Northland"
    },
    "model": "job.city",
    "pk": 4
},
{
    "fields": {
        "region": 2,
        "name": "Auckland Central"
    },
    "model": "job.city",
    "pk": 5
},
{
    "fields": {
        "region": 2,
        "name": "Manakau\\East Auckland"
    },
    "model": "job.city",
    "pk": 6
},
{
    "fields": {
        "region": 2,
        "name": "Papakura\\Franklin"
    },
    "model": "job.city",
    "pk": 7
},
{
    "fields": {
        "region": 2,
        "name": "Rodney\\North Shore"
    },
    "model": "job.city",
    "pk": 8
},
{
    "fields": {
        "region": 2,
        "name": "Waitakere\\West Auckland"
    },
    "model": "job.city",
    "pk": 9
},
{
    "fields": {
        "region": 3,
        "name": "Hamilton"
    },
    "model": "job.city",
    "pk": 10
},
{
    "fields": {
        "region": 3,
        "name": "Taupo"
    },
    "model": "job.city",
    "pk": 11
},
{
    "fields": {
        "region": 3,
        "name": "Theme\\Coromandel"
    },
    "model": "job.city",
    "pk": 12
},
{
    "fields": {
        "region": 3,
        "name": "Rest of Waikato"
    },
    "model": "job.city",
    "pk": 13
},
{
    "fields": {
        "region": 4,
        "name": "Rotorua"
    },
    "model": "job.city",
    "pk": 14
},
{
    "fields": {
        "region": 4,
        "name": "Tauranga"
    },
    "model": "job.city",
    "pk": 15
},
{
    "fields": {
        "region": 4,
        "name": "Rest of BOP"
    },
    "model": "job.city",
    "pk": 16
},
{
    "fields": {
        "region": 5,
        "name": "Gisborne"
    },
    "model": "job.city",
    "pk": 17
},
{
    "fields": {
        "region": 5,
        "name": "Rest of Gisborne"
    },
    "model": "job.city",
    "pk": 18
},
{
    "fields": {
        "region": 6,
        "name": "Hastings"
    },
    "model": "job.city",
    "pk": 19
},
{
    "fields": {
        "region": 6,
        "name": "Napier"
    },
    "model": "job.city",
    "pk": 20
},
{
    "fields": {
        "region": 6,
        "name": "Rest of Hawke's Bay"
    },
    "model": "job.city",
    "pk": 21
},
{
    "fields": {
        "region": 7,
        "name": "New Plymouth"
    },
    "model": "job.city",
    "pk": 22
},
{
    "fields": {
        "region": 7,
        "name": "Rest of Taranaki"
    },
    "model": "job.city",
    "pk": 23
},
{
    "fields": {
        "region": 8,
        "name": "Palmerston North"
    },
    "model": "job.city",
    "pk": 24
},
{
    "fields": {
        "region": 8,
        "name": "Wanganui"
    },
    "model": "job.city",
    "pk": 25
},
{
    "fields": {
        "region": 8,
        "name": "Rest of Manawatu-Wanganui"
    },
    "model": "job.city",
    "pk": 26
},
{
    "fields": {
        "region": 9,
        "name": "Wellington Central"
    },
    "model": "job.city",
    "pk": 27
},
{
    "fields": {
        "region": 9,
        "name": "Hutt Valley"
    },
    "model": "job.city",
    "pk": 28
},
{
    "fields": {
        "region": 9,
        "name": "Porirua\\Kapiti Coast"
    },
    "model": "job.city",
    "pk": 29
},
{
    "fields": {
        "region": 9,
        "name": "Rest of Wellington"
    },
    "model": "job.city",
    "pk": 30
},
{
    "fields": {
        "region": 10,
        "name": "Rest of Tasman"
    },
    "model": "job.city",
    "pk": 31
},
{
    "fields": {
        "region": 11,
        "name": "Nelson"
    },
    "model": "job.city",
    "pk": 32
},
{
    "fields": {
        "region": 11,
        "name": "Rest of Nelson"
    },
    "model": "job.city",
    "pk": 33
},
{
    "fields": {
        "region": 12,
        "name": "Blenheim"
    },
    "model": "job.city",
    "pk": 34
},
{
    "fields": {
        "region": 12,
        "name": "Rest of Marlborough"
    },
    "model": "job.city",
    "pk": 35
},
{
    "fields": {
        "region": 13,
        "name": "Greymouth"
    },
    "model": "job.city",
    "pk": 36
},
{
    "fields": {
        "region": 13,
        "name": "Rest of West Coast"
    },
    "model": "job.city",
    "pk": 37
},
{
    "fields": {
        "region": 14,
        "name": "Christchurch"
    },
    "model": "job.city",
    "pk": 38
},
{
    "fields": {
        "region": 14,
        "name": "North Canterbury"
    },
    "model": "job.city",
    "pk": 39
},
{
    "fields": {
        "region": 14,
        "name": "Timaru\\South Canterbury"
    },
    "model": "job.city",
    "pk": 40
},
{
    "fields": {
        "region": 14,
        "name": "Rest of Canterbury"
    },
    "model": "job.city",
    "pk": 41
},
{
    "fields": {
        "region": 15,
        "name": "Dunedin"
    },
    "model": "job.city",
    "pk": 42
},
{
    "fields": {
        "region": 15,
        "name": "Queenstown"
    },
    "model": "job.city",
    "pk": 43
},
{
    "fields": {
        "region": 15,
        "name": "Wanaka"
    },
    "model": "job.city",
    "pk": 44
},
{
    "fields": {
        "region": 15,
        "name": "Alexandra"
    },
    "model": "job.city",
    "pk": 45
},
{
    "fields": {
        "region": 15,
        "name": "Oamaru"
    },
    "model": "job.city",
    "pk": 46
},
{
    "fields": {
        "region": 15,
        "name": "Rest of Otago"
    },
    "model": "job.city",
    "pk": 47
},
{
    "fields": {
        "region": 16,
        "name": "Invercargill"
    },
    "model": "job.city",
    "pk": 48
},
{
    "fields": {
        "region": 16,
        "name": "Rest of Southland"
    },
    "model": "job.city",
    "pk": 49
},
{
    "fields": {
        "name": "Programming"
    },
    "model": "job.category",
    "pk": 1
},
{
    "fields": {
        "name": "Design"
    },
    "model": "job.category",
    "pk": 2
},
{
    "fields": {
        "name": "One off"
    },
    "model": "job.jobtype",
    "pk": 1
},
{
    "fields": {
        "name": "Casual"
    },
    "model": "job.jobtype",
    "pk": 2
},
{
    "fields": {
        "name": "Temp"
    },
    "model": "job.jobtype",
    "pk": 3
},
{
    "fields": {
        "name": "Fixed Term"
    },
    "model": "job.jobtype",
    "pk": 4
},
{
    "fields": {
        "name": "github",
        "sites": [
            1
        ],
        "secret": "d4b9456057e6daa655c57d2c45f89c8c85fd15f1",
        "client_id": "2034745644403a93b410",
        "key": "",
        "provider": "github"
    },
    "model": "socialaccount.socialapp",
    "pk": 1
},
{
    "fields": {
        "name": "linkedin",
        "sites": [
            1
        ],
        "secret": "G910eqZwgzIKPLXA",
        "client_id": "754quuztq1mcnb",
        "key": "",
        "provider": "linkedin"
    },
    "model": "socialaccount.socialapp",
    "pk": 2
},
{
    "fields": {
        "app": 1,
        "token_secret": "",
        "expires_at": null,
        "account": 1,
        "token": "33f2d990c1912e0a65db88995a294c8bf64b181b"
    },
    "model": "socialaccount.socialtoken",
    "pk": 1
},
{
    "fields": {
        "codename": "add_permission",
        "name": "Can add permission",
        "content_type": 1
    },
    "model": "auth.permission",
    "pk": 1
},
{
    "fields": {
        "codename": "change_permission",
        "name": "Can change permission",
        "content_type": 1
    },
    "model": "auth.permission",
    "pk": 2
},
{
    "fields": {
        "codename": "delete_permission",
        "name": "Can delete permission",
        "content_type": 1
    },
    "model": "auth.permission",
    "pk": 3
},
{
    "fields": {
        "codename": "add_group",
        "name": "Can add group",
        "content_type": 2
    },
    "model": "auth.permission",
    "pk": 4
},
{
    "fields": {
        "codename": "change_group",
        "name": "Can change group",
        "content_type": 2
    },
    "model": "auth.permission",
    "pk": 5
},
{
    "fields": {
        "codename": "delete_group",
        "name": "Can delete group",
        "content_type": 2
    },
    "model": "auth.permission",
    "pk": 6
},
{
    "fields": {
        "codename": "add_user",
        "name": "Can add user",
        "content_type": 3
    },
    "model": "auth.permission",
    "pk": 7
},
{
    "fields": {
        "codename": "change_user",
        "name": "Can change user",
        "content_type": 3
    },
    "model": "auth.permission",
    "pk": 8
},
{
    "fields": {
        "codename": "delete_user",
        "name": "Can delete user",
        "content_type": 3
    },
    "model": "auth.permission",
    "pk": 9
},
{
    "fields": {
        "codename": "add_contenttype",
        "name": "Can add content type",
        "content_type": 4
    },
    "model": "auth.permission",
    "pk": 10
},
{
    "fields": {
        "codename": "change_contenttype",
        "name": "Can change content type",
        "content_type": 4
    },
    "model": "auth.permission",
    "pk": 11
},
{
    "fields": {
        "codename": "delete_contenttype",
        "name": "Can delete content type",
        "content_type": 4
    },
    "model": "auth.permission",
    "pk": 12
},
{
    "fields": {
        "codename": "add_session",
        "name": "Can add session",
        "content_type": 5
    },
    "model": "auth.permission",
    "pk": 13
},
{
    "fields": {
        "codename": "change_session",
        "name": "Can change session",
        "content_type": 5
    },
    "model": "auth.permission",
    "pk": 14
},
{
    "fields": {
        "codename": "delete_session",
        "name": "Can delete session",
        "content_type": 5
    },
    "model": "auth.permission",
    "pk": 15
},
{
    "fields": {
        "codename": "add_site",
        "name": "Can add site",
        "content_type": 6
    },
    "model": "auth.permission",
    "pk": 16
},
{
    "fields": {
        "codename": "change_site",
        "name": "Can change site",
        "content_type": 6
    },
    "model": "auth.permission",
    "pk": 17
},
{
    "fields": {
        "codename": "delete_site",
        "name": "Can delete site",
        "content_type": 6
    },
    "model": "auth.permission",
    "pk": 18
},
{
    "fields": {
        "codename": "add_logentry",
        "name": "Can add log entry",
        "content_type": 7
    },
    "model": "auth.permission",
    "pk": 19
},
{
    "fields": {
        "codename": "change_logentry",
        "name": "Can change log entry",
        "content_type": 7
    },
    "model": "auth.permission",
    "pk": 20
},
{
    "fields": {
        "codename": "delete_logentry",
        "name": "Can delete log entry",
        "content_type": 7
    },
    "model": "auth.permission",
    "pk": 21
},
{
    "fields": {
        "codename": "add_tag",
        "name": "Can add tag",
        "content_type": 8
    },
    "model": "auth.permission",
    "pk": 22
},
{
    "fields": {
        "codename": "change_tag",
        "name": "Can change tag",
        "content_type": 8
    },
    "model": "auth.permission",
    "pk": 23
},
{
    "fields": {
        "codename": "delete_tag",
        "name": "Can delete tag",
        "content_type": 8
    },
    "model": "auth.permission",
    "pk": 24
},
{
    "fields": {
        "codename": "add_taggeditem",
        "name": "Can add tagged item",
        "content_type": 9
    },
    "model": "auth.permission",
    "pk": 25
},
{
    "fields": {
        "codename": "change_taggeditem",
        "name": "Can change tagged item",
        "content_type": 9
    },
    "model": "auth.permission",
    "pk": 26
},
{
    "fields": {
        "codename": "delete_taggeditem",
        "name": "Can delete tagged item",
        "content_type": 9
    },
    "model": "auth.permission",
    "pk": 27
},
{
    "fields": {
        "codename": "add_region",
        "name": "Can add region",
        "content_type": 10
    },
    "model": "auth.permission",
    "pk": 28
},
{
    "fields": {
        "codename": "change_region",
        "name": "Can change region",
        "content_type": 10
    },
    "model": "auth.permission",
    "pk": 29
},
{
    "fields": {
        "codename": "delete_region",
        "name": "Can delete region",
        "content_type": 10
    },
    "model": "auth.permission",
    "pk": 30
},
{
    "fields": {
        "codename": "add_city",
        "name": "Can add city",
        "content_type": 11
    },
    "model": "auth.permission",
    "pk": 31
},
{
    "fields": {
        "codename": "change_city",
        "name": "Can change city",
        "content_type": 11
    },
    "model": "auth.permission",
    "pk": 32
},
{
    "fields": {
        "codename": "delete_city",
        "name": "Can delete city",
        "content_type": 11
    },
    "model": "auth.permission",
    "pk": 33
},
{
    "fields": {
        "codename": "add_category",
        "name": "Can add category",
        "content_type": 12
    },
    "model": "auth.permission",
    "pk": 34
},
{
    "fields": {
        "codename": "change_category",
        "name": "Can change category",
        "content_type": 12
    },
    "model": "auth.permission",
    "pk": 35
},
{
    "fields": {
        "codename": "delete_category",
        "name": "Can delete category",
        "content_type": 12
    },
    "model": "auth.permission",
    "pk": 36
},
{
    "fields": {
        "codename": "add_company",
        "name": "Can add company",
        "content_type": 13
    },
    "model": "auth.permission",
    "pk": 37
},
{
    "fields": {
        "codename": "change_company",
        "name": "Can change company",
        "content_type": 13
    },
    "model": "auth.permission",
    "pk": 38
},
{
    "fields": {
        "codename": "delete_company",
        "name": "Can delete company",
        "content_type": 13
    },
    "model": "auth.permission",
    "pk": 39
},
{
    "fields": {
        "codename": "add_jobtype",
        "name": "Can add job type",
        "content_type": 14
    },
    "model": "auth.permission",
    "pk": 40
},
{
    "fields": {
        "codename": "change_jobtype",
        "name": "Can change job type",
        "content_type": 14
    },
    "model": "auth.permission",
    "pk": 41
},
{
    "fields": {
        "codename": "delete_jobtype",
        "name": "Can delete job type",
        "content_type": 14
    },
    "model": "auth.permission",
    "pk": 42
},
{
    "fields": {
        "codename": "add_job",
        "name": "Can add job",
        "content_type": 15
    },
    "model": "auth.permission",
    "pk": 43
},
{
    "fields": {
        "codename": "change_job",
        "name": "Can change job",
        "content_type": 15
    },
    "model": "auth.permission",
    "pk": 44
},
{
    "fields": {
        "codename": "delete_job",
        "name": "Can delete job",
        "content_type": 15
    },
    "model": "auth.permission",
    "pk": 45
},
{
    "fields": {
        "codename": "add_jobapply",
        "name": "Can add Job Application",
        "content_type": 16
    },
    "model": "auth.permission",
    "pk": 46
},
{
    "fields": {
        "codename": "change_jobapply",
        "name": "Can change Job Application",
        "content_type": 16
    },
    "model": "auth.permission",
    "pk": 47
},
{
    "fields": {
        "codename": "delete_jobapply",
        "name": "Can delete Job Application",
        "content_type": 16
    },
    "model": "auth.permission",
    "pk": 48
},
{
    "fields": {
        "codename": "add_userprofile",
        "name": "Can add user profile",
        "content_type": 17
    },
    "model": "auth.permission",
    "pk": 49
},
{
    "fields": {
        "codename": "change_userprofile",
        "name": "Can change user profile",
        "content_type": 17
    },
    "model": "auth.permission",
    "pk": 50
},
{
    "fields": {
        "codename": "delete_userprofile",
        "name": "Can delete user profile",
        "content_type": 17
    },
    "model": "auth.permission",
    "pk": 51
},
{
    "fields": {
        "codename": "add_registrationprofile",
        "name": "Can add registration profile",
        "content_type": 18
    },
    "model": "auth.permission",
    "pk": 52
},
{
    "fields": {
        "codename": "change_registrationprofile",
        "name": "Can change registration profile",
        "content_type": 18
    },
    "model": "auth.permission",
    "pk": 53
},
{
    "fields": {
        "codename": "delete_registrationprofile",
        "name": "Can delete registration profile",
        "content_type": 18
    },
    "model": "auth.permission",
    "pk": 54
},
{
    "fields": {
        "codename": "add_usersocialauth",
        "name": "Can add user social auth",
        "content_type": 19
    },
    "model": "auth.permission",
    "pk": 55
},
{
    "fields": {
        "codename": "change_usersocialauth",
        "name": "Can change user social auth",
        "content_type": 19
    },
    "model": "auth.permission",
    "pk": 56
},
{
    "fields": {
        "codename": "delete_usersocialauth",
        "name": "Can delete user social auth",
        "content_type": 19
    },
    "model": "auth.permission",
    "pk": 57
},
{
    "fields": {
        "codename": "add_nonce",
        "name": "Can add nonce",
        "content_type": 20
    },
    "model": "auth.permission",
    "pk": 58
},
{
    "fields": {
        "codename": "change_nonce",
        "name": "Can change nonce",
        "content_type": 20
    },
    "model": "auth.permission",
    "pk": 59
},
{
    "fields": {
        "codename": "delete_nonce",
        "name": "Can delete nonce",
        "content_type": 20
    },
    "model": "auth.permission",
    "pk": 60
},
{
    "fields": {
        "codename": "add_association",
        "name": "Can add association",
        "content_type": 21
    },
    "model": "auth.permission",
    "pk": 61
},
{
    "fields": {
        "codename": "change_association",
        "name": "Can change association",
        "content_type": 21
    },
    "model": "auth.permission",
    "pk": 62
},
{
    "fields": {
        "codename": "delete_association",
        "name": "Can delete association",
        "content_type": 21
    },
    "model": "auth.permission",
    "pk": 63
},
{
    "fields": {
        "codename": "add_socialtoken",
        "name": "Can add social application token",
        "content_type": 22
    },
    "model": "auth.permission",
    "pk": 64
},
{
    "fields": {
        "codename": "change_socialtoken",
        "name": "Can change social application token",
        "content_type": 22
    },
    "model": "auth.permission",
    "pk": 65
},
{
    "fields": {
        "codename": "delete_socialtoken",
        "name": "Can delete social application token",
        "content_type": 22
    },
    "model": "auth.permission",
    "pk": 66
},
{
    "fields": {
        "username": "jamie",
        "first_name": "",
        "last_name": "",
        "is_active": true,
        "is_superuser": true,
        "is_staff": true,
        "last_login": "2016-08-12T04:41:10.175",
        "groups": [],
        "user_permissions": [],
        "password": "pbkdf2_sha256$20000$Su5bh7tremwK$D8iL8dhXNVWcu1ZwaFkkMTQG/yhgEG6CdAvEHD7I+Z4=",
        "email": "k1hosting@gmail.com",
        "date_joined": "2016-08-12T04:38:06.840"
    },
    "model": "auth.user",
    "pk": 1
},
{
    "fields": {
        "username": "veb",
        "first_name": "Mike",
        "last_name": "Mackenzie",
        "is_active": true,
        "is_superuser": false,
        "is_staff": false,
        "last_login": null,
        "groups": [],
        "user_permissions": [],
        "password": "!ykCcDf6rXSGMOB4xVKu8cwKJdo2abJHBkgGy0GdG",
        "email": "mike@veb.co.nz",
        "date_joined": "2016-08-12T04:46:14.912"
    },
    "model": "auth.user",
    "pk": 2
},
{
    "fields": {
        "action_flag": 1,
        "action_time": "2016-08-12T04:43:42.299",
        "object_repr": "github",
        "object_id": "1",
        "change_message": "",
        "user": 1,
        "content_type": 23
    },
    "model": "admin.logentry",
    "pk": 1
},
{
    "fields": {
        "action_flag": 1,
        "action_time": "2016-08-12T04:44:13.642",
        "object_repr": "linkedin",
        "object_id": "2",
        "change_message": "",
        "user": 1,
        "content_type": 23
    },
    "model": "admin.logentry",
    "pk": 2
},
{
    "fields": {
        "action_flag": 2,
        "action_time": "2016-08-12T04:44:53.398",
        "object_repr": "jamie",
        "object_id": "1",
        "change_message": "Changed password.",
        "user": 1,
        "content_type": 3
    },
    "model": "admin.logentry",
    "pk": 3
},
{
    "fields": {
        "phone": "",
        "user": 1,
        "location": ""
    },
    "model": "job.userprofile",
    "pk": 1
},
{
    "fields": {
        "phone": "",
        "user": 2,
        "location": ""
    },
    "model": "job.userprofile",
    "pk": 2
},
{
    "fields": {
        "verified": true,
        "user": 1,
        "primary": true,
        "email": "k1hosting@gmail.com"
    },
    "model": "account.emailaddress",
    "pk": 1
},
{
    "fields": {
        "verified": false,
        "user": 2,
        "primary": true,
        "email": "mike@veb.co.nz"
    },
    "model": "account.emailaddress",
    "pk": 2
},
{
    "fields": {
        "uid": "376245",
        "last_login": "2016-08-12T04:46:14.948",
        "user": 2,
        "provider": "github",
        "extra_data": "{\"bio\": null, \"site_admin\": false, \"updated_at\": \"2016-08-08T08:04:20Z\", \"gravatar_id\": \"\", \"hireable\": true, \"id\": 376245, \"followers_url\": \"https://api.github.com/users/veb/followers\", \"following_url\": \"https://api.github.com/users/veb/following{/other_user}\", \"blog\": \"http://veb.co.nz\", \"followers\": 15, \"location\": \"Dunedin, New Zealand\", \"type\": \"User\", \"email\": \"mike@veb.co.nz\", \"public_repos\": 22, \"events_url\": \"https://api.github.com/users/veb/events{/privacy}\", \"company\": \"veb ltd\", \"gists_url\": \"https://api.github.com/users/veb/gists{/gist_id}\", \"html_url\": \"https://github.com/veb\", \"subscriptions_url\": \"https://api.github.com/users/veb/subscriptions\", \"received_events_url\": \"https://api.github.com/users/veb/received_events\", \"starred_url\": \"https://api.github.com/users/veb/starred{/owner}{/repo}\", \"public_gists\": 44, \"name\": \"Mike Mackenzie\", \"organizations_url\": \"https://api.github.com/users/veb/orgs\", \"url\": \"https://api.github.com/users/veb\", \"created_at\": \"2010-08-25T22:38:44Z\", \"avatar_url\": \"https://avatars.githubusercontent.com/u/376245?v=3\", \"repos_url\": \"https://api.github.com/users/veb/repos\", \"following\": 28, \"login\": \"veb\"}",
        "date_joined": "2016-08-12T04:46:14.948"
    },
    "model": "socialaccount.socialaccount",
    "pk": 1
}
]
