[
{
    "model": "dashboard.userdashboardmodule",
    "pk": 1,
    "fields": {
        "title": "Quick links",
        "module": "jet.dashboard.modules.LinkList",
        "app_label": null,
        "user": 2,
        "column": 0,
        "order": 0,
        "settings": "{\"layout\": \"inline\"}",
        "children": "[{\"url\": \"/\", \"title\": \"Return to site\"}, {\"url\": \"/admin/password_change/\", \"title\": \"Change password\"}, {\"url\": \"/admin/logout/\", \"title\": \"Log out\"}]",
        "collapsed": false
    }
},
{
    "model": "dashboard.userdashboardmodule",
    "pk": 2,
    "fields": {
        "title": "Applications",
        "module": "jet.dashboard.modules.AppList",
        "app_label": null,
        "user": 2,
        "column": 1,
        "order": 0,
        "settings": "{\"models\": null, \"exclude\": [\"auth.*\"]}",
        "children": "",
        "collapsed": false
    }
},
{
    "model": "dashboard.userdashboardmodule",
    "pk": 3,
    "fields": {
        "title": "Administration",
        "module": "jet.dashboard.modules.AppList",
        "app_label": null,
        "user": 2,
        "column": 2,
        "order": 0,
        "settings": "{\"models\": [\"auth.*\"], \"exclude\": null}",
        "children": "",
        "collapsed": false
    }
},
{
    "model": "dashboard.userdashboardmodule",
    "pk": 4,
    "fields": {
        "title": "Recent Actions",
        "module": "jet.dashboard.modules.RecentActions",
        "app_label": null,
        "user": 2,
        "column": 0,
        "order": 1,
        "settings": "{\"exclude_list\": null, \"include_list\": null, \"limit\": 10, \"user\": null}",
        "children": "",
        "collapsed": false
    }
},
{
    "model": "dashboard.userdashboardmodule",
    "pk": 5,
    "fields": {
        "title": "Latest Django News",
        "module": "jet.dashboard.modules.Feed",
        "app_label": null,
        "user": 2,
        "column": 1,
        "order": 1,
        "settings": "{\"limit\": 5, \"feed_url\": \"http://www.djangoproject.com/rss/weblog/\"}",
        "children": "",
        "collapsed": false
    }
},
{
    "model": "dashboard.userdashboardmodule",
    "pk": 6,
    "fields": {
        "title": "Support",
        "module": "jet.dashboard.modules.LinkList",
        "app_label": null,
        "user": 2,
        "column": 2,
        "order": 1,
        "settings": "{\"layout\": \"stacked\"}",
        "children": "[{\"url\": \"http://docs.djangoproject.com/\", \"external\": true, \"title\": \"Django documentation\"}, {\"url\": \"http://groups.google.com/group/django-users\", \"external\": true, \"title\": \"Django \\\"django-users\\\" mailing list\"}, {\"url\": \"irc://irc.freenode.net/django\", \"external\": true, \"title\": \"Django irc channel\"}]",
        "collapsed": false
    }
},
{
    "model": "contenttypes.contenttype",
    "pk": 1,
    "fields": {
        "app_label": "auth",
        "model": "permission"
    }
},
{
    "model": "contenttypes.contenttype",
    "pk": 2,
    "fields": {
        "app_label": "auth",
        "model": "group"
    }
},
{
    "model": "contenttypes.contenttype",
    "pk": 3,
    "fields": {
        "app_label": "auth",
        "model": "user"
    }
},
{
    "model": "contenttypes.contenttype",
    "pk": 4,
    "fields": {
        "app_label": "contenttypes",
        "model": "contenttype"
    }
},
{
    "model": "contenttypes.contenttype",
    "pk": 5,
    "fields": {
        "app_label": "sessions",
        "model": "session"
    }
},
{
    "model": "contenttypes.contenttype",
    "pk": 6,
    "fields": {
        "app_label": "sites",
        "model": "site"
    }
},
{
    "model": "contenttypes.contenttype",
    "pk": 7,
    "fields": {
        "app_label": "admin",
        "model": "logentry"
    }
},
{
    "model": "contenttypes.contenttype",
    "pk": 8,
    "fields": {
        "app_label": "tagging",
        "model": "tag"
    }
},
{
    "model": "contenttypes.contenttype",
    "pk": 9,
    "fields": {
        "app_label": "tagging",
        "model": "taggeditem"
    }
},
{
    "model": "contenttypes.contenttype",
    "pk": 10,
    "fields": {
        "app_label": "job",
        "model": "region"
    }
},
{
    "model": "contenttypes.contenttype",
    "pk": 11,
    "fields": {
        "app_label": "job",
        "model": "city"
    }
},
{
    "model": "contenttypes.contenttype",
    "pk": 12,
    "fields": {
        "app_label": "job",
        "model": "category"
    }
},
{
    "model": "contenttypes.contenttype",
    "pk": 14,
    "fields": {
        "app_label": "job",
        "model": "jobtype"
    }
},
{
    "model": "contenttypes.contenttype",
    "pk": 15,
    "fields": {
        "app_label": "job",
        "model": "job"
    }
},
{
    "model": "contenttypes.contenttype",
    "pk": 16,
    "fields": {
        "app_label": "job",
        "model": "jobapply"
    }
},
{
    "model": "contenttypes.contenttype",
    "pk": 17,
    "fields": {
        "app_label": "job",
        "model": "userprofile"
    }
},
{
    "model": "contenttypes.contenttype",
    "pk": 18,
    "fields": {
        "app_label": "registration",
        "model": "registrationprofile"
    }
},
{
    "model": "contenttypes.contenttype",
    "pk": 19,
    "fields": {
        "app_label": "social_auth",
        "model": "usersocialauth"
    }
},
{
    "model": "contenttypes.contenttype",
    "pk": 20,
    "fields": {
        "app_label": "social_auth",
        "model": "nonce"
    }
},
{
    "model": "contenttypes.contenttype",
    "pk": 21,
    "fields": {
        "app_label": "social_auth",
        "model": "association"
    }
},
{
    "model": "contenttypes.contenttype",
    "pk": 22,
    "fields": {
        "app_label": "socialaccount",
        "model": "socialtoken"
    }
},
{
    "model": "contenttypes.contenttype",
    "pk": 23,
    "fields": {
        "app_label": "socialaccount",
        "model": "socialapp"
    }
},
{
    "model": "contenttypes.contenttype",
    "pk": 24,
    "fields": {
        "app_label": "dashboard",
        "model": "userdashboardmodule"
    }
},
{
    "model": "contenttypes.contenttype",
    "pk": 25,
    "fields": {
        "app_label": "jet",
        "model": "bookmark"
    }
},
{
    "model": "contenttypes.contenttype",
    "pk": 26,
    "fields": {
        "app_label": "jet",
        "model": "pinnedapplication"
    }
},
{
    "model": "contenttypes.contenttype",
    "pk": 27,
    "fields": {
        "app_label": "account",
        "model": "emailaddress"
    }
},
{
    "model": "contenttypes.contenttype",
    "pk": 28,
    "fields": {
        "app_label": "account",
        "model": "emailconfirmation"
    }
},
{
    "model": "contenttypes.contenttype",
    "pk": 29,
    "fields": {
        "app_label": "socialaccount",
        "model": "socialaccount"
    }
},
{
    "model": "contenttypes.contenttype",
    "pk": 30,
    "fields": {
        "app_label": "notification",
        "model": "notification"
    }
},
{
    "model": "sessions.session",
    "pk": "1aa4lzrscptue9glu3kv2kgjq0n4867f",
    "fields": {
        "session_data": "YTE2NTNiYWQ0YjU5ZTM1OTMxODY4YmQ3NDA0ZTBlMTgyM2Y0YzdiMTp7Il9zZXNzaW9uX2V4cGlyeSI6MCwiX2F1dGhfdXNlcl9oYXNoIjoiNGFkN2M3YzdlODkyNGIxNDAwYzkwNzVlNTk2NjIxZjc4NmY3ZGZjMyIsIl9hdXRoX3VzZXJfaWQiOiIxIiwiX2F1dGhfdXNlcl9iYWNrZW5kIjoiYWxsYXV0aC5hY2NvdW50LmF1dGhfYmFja2VuZHMuQXV0aGVudGljYXRpb25CYWNrZW5kIn0=",
        "expire_date": "2016-08-26T04:44:53.415"
    }
},
{
    "model": "sessions.session",
    "pk": "ccyhf131ieqnjzizlhyefz1z90epaeff",
    "fields": {
        "session_data": "MDZmODI1MTQ4N2QwNGNkOGNmMWVkNTY4NzU2NWI4MDllMDJkZTIxNTp7fQ==",
        "expire_date": "2016-08-29T03:48:05.445"
    }
},
{
    "model": "sessions.session",
    "pk": "chn0195be0038eaa9670fb6ab4504438",
    "fields": {
        "session_data": "ODAwMzlkNDUzOWVjY2VmNDMyZWJjMTBmMjgyMDNkNjRmNTk1YjE0NDp7Il9fY2hhbm5lbHNfbmV4dF9vcmRlciI6MSwiX2F1dGhfdXNlcl9oYXNoIjoiY2RmNDk2YTdjODQ0ZjhiNmVmM2E1ZGU0NTE4NDQ5YjhlNTNkZTIzZSIsIl9hdXRoX3VzZXJfaWQiOiIyIiwiX2F1dGhfdXNlcl9iYWNrZW5kIjoiYWxsYXV0aC5hY2NvdW50LmF1dGhfYmFja2VuZHMuQXV0aGVudGljYXRpb25CYWNrZW5kIn0=",
        "expire_date": "2016-08-30T00:47:47.508"
    }
},
{
    "model": "sessions.session",
    "pk": "chn03f6577844d95fedec907fcd282fb",
    "fields": {
        "session_data": "YzJjNGUzNTQyY2Y5YTE1YmYxYTUxMWIyZmFmZWI1MmY3ZmUyZThkNDp7Il9fY2hhbm5lbHNfbmV4dF9vcmRlciI6MX0=",
        "expire_date": "2016-08-29T15:30:34.432"
    }
},
{
    "model": "sessions.session",
    "pk": "chn06a27cc08aba919aa86274d26cd8c",
    "fields": {
        "session_data": "ODAwMzlkNDUzOWVjY2VmNDMyZWJjMTBmMjgyMDNkNjRmNTk1YjE0NDp7Il9fY2hhbm5lbHNfbmV4dF9vcmRlciI6MSwiX2F1dGhfdXNlcl9oYXNoIjoiY2RmNDk2YTdjODQ0ZjhiNmVmM2E1ZGU0NTE4NDQ5YjhlNTNkZTIzZSIsIl9hdXRoX3VzZXJfaWQiOiIyIiwiX2F1dGhfdXNlcl9iYWNrZW5kIjoiYWxsYXV0aC5hY2NvdW50LmF1dGhfYmFja2VuZHMuQXV0aGVudGljYXRpb25CYWNrZW5kIn0=",
        "expire_date": "2016-08-30T00:19:14.362"
    }
},
{
    "model": "sessions.session",
    "pk": "chn0948572a495ae95a5102cce7c15a1",
    "fields": {
        "session_data": "ODAwMzlkNDUzOWVjY2VmNDMyZWJjMTBmMjgyMDNkNjRmNTk1YjE0NDp7Il9fY2hhbm5lbHNfbmV4dF9vcmRlciI6MSwiX2F1dGhfdXNlcl9oYXNoIjoiY2RmNDk2YTdjODQ0ZjhiNmVmM2E1ZGU0NTE4NDQ5YjhlNTNkZTIzZSIsIl9hdXRoX3VzZXJfaWQiOiIyIiwiX2F1dGhfdXNlcl9iYWNrZW5kIjoiYWxsYXV0aC5hY2NvdW50LmF1dGhfYmFja2VuZHMuQXV0aGVudGljYXRpb25CYWNrZW5kIn0=",
        "expire_date": "2016-08-30T00:33:06.457"
    }
},
{
    "model": "sessions.session",
    "pk": "chn09e0a345eba5998aa5e5256ff4260",
    "fields": {
        "session_data": "ODAwMzlkNDUzOWVjY2VmNDMyZWJjMTBmMjgyMDNkNjRmNTk1YjE0NDp7Il9fY2hhbm5lbHNfbmV4dF9vcmRlciI6MSwiX2F1dGhfdXNlcl9oYXNoIjoiY2RmNDk2YTdjODQ0ZjhiNmVmM2E1ZGU0NTE4NDQ5YjhlNTNkZTIzZSIsIl9hdXRoX3VzZXJfaWQiOiIyIiwiX2F1dGhfdXNlcl9iYWNrZW5kIjoiYWxsYXV0aC5hY2NvdW50LmF1dGhfYmFja2VuZHMuQXV0aGVudGljYXRpb25CYWNrZW5kIn0=",
        "expire_date": "2016-08-30T00:39:33.810"
    }
},
{
    "model": "sessions.session",
    "pk": "chn0c673eb7c028c0f47371a9f5543b0",
    "fields": {
        "session_data": "ODAwMzlkNDUzOWVjY2VmNDMyZWJjMTBmMjgyMDNkNjRmNTk1YjE0NDp7Il9fY2hhbm5lbHNfbmV4dF9vcmRlciI6MSwiX2F1dGhfdXNlcl9oYXNoIjoiY2RmNDk2YTdjODQ0ZjhiNmVmM2E1ZGU0NTE4NDQ5YjhlNTNkZTIzZSIsIl9hdXRoX3VzZXJfaWQiOiIyIiwiX2F1dGhfdXNlcl9iYWNrZW5kIjoiYWxsYXV0aC5hY2NvdW50LmF1dGhfYmFja2VuZHMuQXV0aGVudGljYXRpb25CYWNrZW5kIn0=",
        "expire_date": "2016-08-30T00:48:11.410"
    }
},
{
    "model": "sessions.session",
    "pk": "chn0eb3f609e129c6fc9eb7debb38e7e",
    "fields": {
        "session_data": "ODAwMzlkNDUzOWVjY2VmNDMyZWJjMTBmMjgyMDNkNjRmNTk1YjE0NDp7Il9fY2hhbm5lbHNfbmV4dF9vcmRlciI6MSwiX2F1dGhfdXNlcl9oYXNoIjoiY2RmNDk2YTdjODQ0ZjhiNmVmM2E1ZGU0NTE4NDQ5YjhlNTNkZTIzZSIsIl9hdXRoX3VzZXJfaWQiOiIyIiwiX2F1dGhfdXNlcl9iYWNrZW5kIjoiYWxsYXV0aC5hY2NvdW50LmF1dGhfYmFja2VuZHMuQXV0aGVudGljYXRpb25CYWNrZW5kIn0=",
        "expire_date": "2016-08-30T00:50:01.819"
    }
},
{
    "model": "sessions.session",
    "pk": "chn0f2e2fd27427d9fffa0305ed95859",
    "fields": {
        "session_data": "ODAwMzlkNDUzOWVjY2VmNDMyZWJjMTBmMjgyMDNkNjRmNTk1YjE0NDp7Il9fY2hhbm5lbHNfbmV4dF9vcmRlciI6MSwiX2F1dGhfdXNlcl9oYXNoIjoiY2RmNDk2YTdjODQ0ZjhiNmVmM2E1ZGU0NTE4NDQ5YjhlNTNkZTIzZSIsIl9hdXRoX3VzZXJfaWQiOiIyIiwiX2F1dGhfdXNlcl9iYWNrZW5kIjoiYWxsYXV0aC5hY2NvdW50LmF1dGhfYmFja2VuZHMuQXV0aGVudGljYXRpb25CYWNrZW5kIn0=",
        "expire_date": "2016-08-30T00:08:03.658"
    }
},
{
    "model": "sessions.session",
    "pk": "chn11599062fe85f8331b570ad101f2c",
    "fields": {
        "session_data": "ODAwMzlkNDUzOWVjY2VmNDMyZWJjMTBmMjgyMDNkNjRmNTk1YjE0NDp7Il9fY2hhbm5lbHNfbmV4dF9vcmRlciI6MSwiX2F1dGhfdXNlcl9oYXNoIjoiY2RmNDk2YTdjODQ0ZjhiNmVmM2E1ZGU0NTE4NDQ5YjhlNTNkZTIzZSIsIl9hdXRoX3VzZXJfaWQiOiIyIiwiX2F1dGhfdXNlcl9iYWNrZW5kIjoiYWxsYXV0aC5hY2NvdW50LmF1dGhfYmFja2VuZHMuQXV0aGVudGljYXRpb25CYWNrZW5kIn0=",
        "expire_date": "2016-08-30T00:20:14.036"
    }
},
{
    "model": "sessions.session",
    "pk": "chn13dae1342867ca087e95274cfc158",
    "fields": {
        "session_data": "ODAwMzlkNDUzOWVjY2VmNDMyZWJjMTBmMjgyMDNkNjRmNTk1YjE0NDp7Il9fY2hhbm5lbHNfbmV4dF9vcmRlciI6MSwiX2F1dGhfdXNlcl9oYXNoIjoiY2RmNDk2YTdjODQ0ZjhiNmVmM2E1ZGU0NTE4NDQ5YjhlNTNkZTIzZSIsIl9hdXRoX3VzZXJfaWQiOiIyIiwiX2F1dGhfdXNlcl9iYWNrZW5kIjoiYWxsYXV0aC5hY2NvdW50LmF1dGhfYmFja2VuZHMuQXV0aGVudGljYXRpb25CYWNrZW5kIn0=",
        "expire_date": "2016-08-30T00:47:01.040"
    }
},
{
    "model": "sessions.session",
    "pk": "chn19f3c3b2af9bfebef67da2d574084",
    "fields": {
        "session_data": "ODAwMzlkNDUzOWVjY2VmNDMyZWJjMTBmMjgyMDNkNjRmNTk1YjE0NDp7Il9fY2hhbm5lbHNfbmV4dF9vcmRlciI6MSwiX2F1dGhfdXNlcl9oYXNoIjoiY2RmNDk2YTdjODQ0ZjhiNmVmM2E1ZGU0NTE4NDQ5YjhlNTNkZTIzZSIsIl9hdXRoX3VzZXJfaWQiOiIyIiwiX2F1dGhfdXNlcl9iYWNrZW5kIjoiYWxsYXV0aC5hY2NvdW50LmF1dGhfYmFja2VuZHMuQXV0aGVudGljYXRpb25CYWNrZW5kIn0=",
        "expire_date": "2016-08-30T00:22:35.439"
    }
},
{
    "model": "sessions.session",
    "pk": "chn20408cd8d6160f48a9d75e5a83cf6",
    "fields": {
        "session_data": "ODAwMzlkNDUzOWVjY2VmNDMyZWJjMTBmMjgyMDNkNjRmNTk1YjE0NDp7Il9fY2hhbm5lbHNfbmV4dF9vcmRlciI6MSwiX2F1dGhfdXNlcl9oYXNoIjoiY2RmNDk2YTdjODQ0ZjhiNmVmM2E1ZGU0NTE4NDQ5YjhlNTNkZTIzZSIsIl9hdXRoX3VzZXJfaWQiOiIyIiwiX2F1dGhfdXNlcl9iYWNrZW5kIjoiYWxsYXV0aC5hY2NvdW50LmF1dGhfYmFja2VuZHMuQXV0aGVudGljYXRpb25CYWNrZW5kIn0=",
        "expire_date": "2016-08-30T00:39:46.445"
    }
},
{
    "model": "sessions.session",
    "pk": "chn2122213687435f8b7d13998c55d55",
    "fields": {
        "session_data": "MTcyZGJjYmI5MGNmOTgxOTBkMjZkYmI3ZWI1NzA0ZTJhNDRhYzExNDp7Il9hdXRoX3VzZXJfYmFja2VuZCI6ImFsbGF1dGguYWNjb3VudC5hdXRoX2JhY2tlbmRzLkF1dGhlbnRpY2F0aW9uQmFja2VuZCIsIl9hdXRoX3VzZXJfaGFzaCI6IjEwMWJjY2UzZjEzMGJhOTQyMWUzYTRlZGY0MTFhNDhiNmNlMjJhNTAiLCJfYXV0aF91c2VyX2lkIjoiMyIsIl9fY2hhbm5lbHNfbmV4dF9vcmRlciI6Mn0=",
        "expire_date": "2016-08-29T15:41:21.189"
    }
},
{
    "model": "sessions.session",
    "pk": "chn212226b9cd96aec96dd5afe240e73",
    "fields": {
        "session_data": "ODAwMzlkNDUzOWVjY2VmNDMyZWJjMTBmMjgyMDNkNjRmNTk1YjE0NDp7Il9fY2hhbm5lbHNfbmV4dF9vcmRlciI6MSwiX2F1dGhfdXNlcl9oYXNoIjoiY2RmNDk2YTdjODQ0ZjhiNmVmM2E1ZGU0NTE4NDQ5YjhlNTNkZTIzZSIsIl9hdXRoX3VzZXJfaWQiOiIyIiwiX2F1dGhfdXNlcl9iYWNrZW5kIjoiYWxsYXV0aC5hY2NvdW50LmF1dGhfYmFja2VuZHMuQXV0aGVudGljYXRpb25CYWNrZW5kIn0=",
        "expire_date": "2016-08-29T23:51:25.582"
    }
},
{
    "model": "sessions.session",
    "pk": "chn2244c074ae76c1ea6824658791ba1",
    "fields": {
        "session_data": "YzJjNGUzNTQyY2Y5YTE1YmYxYTUxMWIyZmFmZWI1MmY3ZmUyZThkNDp7Il9fY2hhbm5lbHNfbmV4dF9vcmRlciI6MX0=",
        "expire_date": "2016-08-29T15:31:59.946"
    }
},
{
    "model": "sessions.session",
    "pk": "chn23ce40965b932c8822757ec0ab137",
    "fields": {
        "session_data": "YzJjNGUzNTQyY2Y5YTE1YmYxYTUxMWIyZmFmZWI1MmY3ZmUyZThkNDp7Il9fY2hhbm5lbHNfbmV4dF9vcmRlciI6MX0=",
        "expire_date": "2016-08-29T15:31:21.890"
    }
},
{
    "model": "sessions.session",
    "pk": "chn24fc5eaf7cc0fe5a4a131853989ce",
    "fields": {
        "session_data": "ODAwMzlkNDUzOWVjY2VmNDMyZWJjMTBmMjgyMDNkNjRmNTk1YjE0NDp7Il9fY2hhbm5lbHNfbmV4dF9vcmRlciI6MSwiX2F1dGhfdXNlcl9oYXNoIjoiY2RmNDk2YTdjODQ0ZjhiNmVmM2E1ZGU0NTE4NDQ5YjhlNTNkZTIzZSIsIl9hdXRoX3VzZXJfaWQiOiIyIiwiX2F1dGhfdXNlcl9iYWNrZW5kIjoiYWxsYXV0aC5hY2NvdW50LmF1dGhfYmFja2VuZHMuQXV0aGVudGljYXRpb25CYWNrZW5kIn0=",
        "expire_date": "2016-08-30T00:16:12.565"
    }
},
{
    "model": "sessions.session",
    "pk": "chn28bb31f992e781348e0756da92941",
    "fields": {
        "session_data": "YjZlOGVlZDhkYjQ4OWZmMjA3Y2VkM2MyYjkyZDIzZjk3N2M0NzI1Mjp7Il9fY2hhbm5lbHNfbmV4dF9vcmRlciI6MSwiX2F1dGhfdXNlcl9oYXNoIjoiMTAxYmNjZTNmMTMwYmE5NDIxZTNhNGVkZjQxMWE0OGI2Y2UyMmE1MCIsIl9hdXRoX3VzZXJfaWQiOiIzIiwiX2F1dGhfdXNlcl9iYWNrZW5kIjoiYWxsYXV0aC5hY2NvdW50LmF1dGhfYmFja2VuZHMuQXV0aGVudGljYXRpb25CYWNrZW5kIn0=",
        "expire_date": "2016-08-29T15:41:05.530"
    }
},
{
    "model": "sessions.session",
    "pk": "chn2a88762ffc91f6ed8f19a42851916",
    "fields": {
        "session_data": "ODAwMzlkNDUzOWVjY2VmNDMyZWJjMTBmMjgyMDNkNjRmNTk1YjE0NDp7Il9fY2hhbm5lbHNfbmV4dF9vcmRlciI6MSwiX2F1dGhfdXNlcl9oYXNoIjoiY2RmNDk2YTdjODQ0ZjhiNmVmM2E1ZGU0NTE4NDQ5YjhlNTNkZTIzZSIsIl9hdXRoX3VzZXJfaWQiOiIyIiwiX2F1dGhfdXNlcl9iYWNrZW5kIjoiYWxsYXV0aC5hY2NvdW50LmF1dGhfYmFja2VuZHMuQXV0aGVudGljYXRpb25CYWNrZW5kIn0=",
        "expire_date": "2016-08-30T00:45:23.915"
    }
},
{
    "model": "sessions.session",
    "pk": "chn2e8d00552c3b5812203ce487a3538",
    "fields": {
        "session_data": "ODAwMzlkNDUzOWVjY2VmNDMyZWJjMTBmMjgyMDNkNjRmNTk1YjE0NDp7Il9fY2hhbm5lbHNfbmV4dF9vcmRlciI6MSwiX2F1dGhfdXNlcl9oYXNoIjoiY2RmNDk2YTdjODQ0ZjhiNmVmM2E1ZGU0NTE4NDQ5YjhlNTNkZTIzZSIsIl9hdXRoX3VzZXJfaWQiOiIyIiwiX2F1dGhfdXNlcl9iYWNrZW5kIjoiYWxsYXV0aC5hY2NvdW50LmF1dGhfYmFja2VuZHMuQXV0aGVudGljYXRpb25CYWNrZW5kIn0=",
        "expire_date": "2016-08-30T00:39:44.053"
    }
},
{
    "model": "sessions.session",
    "pk": "chn30b90a7e798cd0fd77d778c661cfc",
    "fields": {
        "session_data": "ODAwMzlkNDUzOWVjY2VmNDMyZWJjMTBmMjgyMDNkNjRmNTk1YjE0NDp7Il9fY2hhbm5lbHNfbmV4dF9vcmRlciI6MSwiX2F1dGhfdXNlcl9oYXNoIjoiY2RmNDk2YTdjODQ0ZjhiNmVmM2E1ZGU0NTE4NDQ5YjhlNTNkZTIzZSIsIl9hdXRoX3VzZXJfaWQiOiIyIiwiX2F1dGhfdXNlcl9iYWNrZW5kIjoiYWxsYXV0aC5hY2NvdW50LmF1dGhfYmFja2VuZHMuQXV0aGVudGljYXRpb25CYWNrZW5kIn0=",
        "expire_date": "2016-08-30T00:41:01.126"
    }
},
{
    "model": "sessions.session",
    "pk": "chn3142b28707057a6717bf38cf5de2c",
    "fields": {
        "session_data": "YzJjNGUzNTQyY2Y5YTE1YmYxYTUxMWIyZmFmZWI1MmY3ZmUyZThkNDp7Il9fY2hhbm5lbHNfbmV4dF9vcmRlciI6MX0=",
        "expire_date": "2016-08-29T15:31:09.827"
    }
},
{
    "model": "sessions.session",
    "pk": "chn3272d00162302414d97972a9cb065",
    "fields": {
        "session_data": "YjZlOGVlZDhkYjQ4OWZmMjA3Y2VkM2MyYjkyZDIzZjk3N2M0NzI1Mjp7Il9fY2hhbm5lbHNfbmV4dF9vcmRlciI6MSwiX2F1dGhfdXNlcl9oYXNoIjoiMTAxYmNjZTNmMTMwYmE5NDIxZTNhNGVkZjQxMWE0OGI2Y2UyMmE1MCIsIl9hdXRoX3VzZXJfaWQiOiIzIiwiX2F1dGhfdXNlcl9iYWNrZW5kIjoiYWxsYXV0aC5hY2NvdW50LmF1dGhfYmFja2VuZHMuQXV0aGVudGljYXRpb25CYWNrZW5kIn0=",
        "expire_date": "2016-08-29T15:27:52.502"
    }
},
{
    "model": "sessions.session",
    "pk": "chn32d3780e5c50a1755b4516e4e74bb",
    "fields": {
        "session_data": "ODAwMzlkNDUzOWVjY2VmNDMyZWJjMTBmMjgyMDNkNjRmNTk1YjE0NDp7Il9fY2hhbm5lbHNfbmV4dF9vcmRlciI6MSwiX2F1dGhfdXNlcl9oYXNoIjoiY2RmNDk2YTdjODQ0ZjhiNmVmM2E1ZGU0NTE4NDQ5YjhlNTNkZTIzZSIsIl9hdXRoX3VzZXJfaWQiOiIyIiwiX2F1dGhfdXNlcl9iYWNrZW5kIjoiYWxsYXV0aC5hY2NvdW50LmF1dGhfYmFja2VuZHMuQXV0aGVudGljYXRpb25CYWNrZW5kIn0=",
        "expire_date": "2016-08-29T23:51:14.874"
    }
},
{
    "model": "sessions.session",
    "pk": "chn34d34caa7f6702c2acc0f8dec3799",
    "fields": {
        "session_data": "YjZlOGVlZDhkYjQ4OWZmMjA3Y2VkM2MyYjkyZDIzZjk3N2M0NzI1Mjp7Il9fY2hhbm5lbHNfbmV4dF9vcmRlciI6MSwiX2F1dGhfdXNlcl9oYXNoIjoiMTAxYmNjZTNmMTMwYmE5NDIxZTNhNGVkZjQxMWE0OGI2Y2UyMmE1MCIsIl9hdXRoX3VzZXJfaWQiOiIzIiwiX2F1dGhfdXNlcl9iYWNrZW5kIjoiYWxsYXV0aC5hY2NvdW50LmF1dGhfYmFja2VuZHMuQXV0aGVudGljYXRpb25CYWNrZW5kIn0=",
        "expire_date": "2016-08-29T15:29:02.178"
    }
},
{
    "model": "sessions.session",
    "pk": "chn3751fa812ec022bc0f3c571044555",
    "fields": {
        "session_data": "ODAwMzlkNDUzOWVjY2VmNDMyZWJjMTBmMjgyMDNkNjRmNTk1YjE0NDp7Il9fY2hhbm5lbHNfbmV4dF9vcmRlciI6MSwiX2F1dGhfdXNlcl9oYXNoIjoiY2RmNDk2YTdjODQ0ZjhiNmVmM2E1ZGU0NTE4NDQ5YjhlNTNkZTIzZSIsIl9hdXRoX3VzZXJfaWQiOiIyIiwiX2F1dGhfdXNlcl9iYWNrZW5kIjoiYWxsYXV0aC5hY2NvdW50LmF1dGhfYmFja2VuZHMuQXV0aGVudGljYXRpb25CYWNrZW5kIn0=",
        "expire_date": "2016-08-30T00:19:11.919"
    }
},
{
    "model": "sessions.session",
    "pk": "chn37aec9c63b41975ec4f1a09f97736",
    "fields": {
        "session_data": "YzJjNGUzNTQyY2Y5YTE1YmYxYTUxMWIyZmFmZWI1MmY3ZmUyZThkNDp7Il9fY2hhbm5lbHNfbmV4dF9vcmRlciI6MX0=",
        "expire_date": "2016-08-29T16:47:22.270"
    }
},
{
    "model": "sessions.session",
    "pk": "chn385b0bdf784d861a078cab12cd3c2",
    "fields": {
        "session_data": "ODAwMzlkNDUzOWVjY2VmNDMyZWJjMTBmMjgyMDNkNjRmNTk1YjE0NDp7Il9fY2hhbm5lbHNfbmV4dF9vcmRlciI6MSwiX2F1dGhfdXNlcl9oYXNoIjoiY2RmNDk2YTdjODQ0ZjhiNmVmM2E1ZGU0NTE4NDQ5YjhlNTNkZTIzZSIsIl9hdXRoX3VzZXJfaWQiOiIyIiwiX2F1dGhfdXNlcl9iYWNrZW5kIjoiYWxsYXV0aC5hY2NvdW50LmF1dGhfYmFja2VuZHMuQXV0aGVudGljYXRpb25CYWNrZW5kIn0=",
        "expire_date": "2016-08-29T15:32:06.939"
    }
},
{
    "model": "sessions.session",
    "pk": "chn390aca80e336293f689d6b2e1aab2",
    "fields": {
        "session_data": "ODAwMzlkNDUzOWVjY2VmNDMyZWJjMTBmMjgyMDNkNjRmNTk1YjE0NDp7Il9fY2hhbm5lbHNfbmV4dF9vcmRlciI6MSwiX2F1dGhfdXNlcl9oYXNoIjoiY2RmNDk2YTdjODQ0ZjhiNmVmM2E1ZGU0NTE4NDQ5YjhlNTNkZTIzZSIsIl9hdXRoX3VzZXJfaWQiOiIyIiwiX2F1dGhfdXNlcl9iYWNrZW5kIjoiYWxsYXV0aC5hY2NvdW50LmF1dGhfYmFja2VuZHMuQXV0aGVudGljYXRpb25CYWNrZW5kIn0=",
        "expire_date": "2016-08-30T00:51:35.412"
    }
},
{
    "model": "sessions.session",
    "pk": "chn39e8586aa8a48e59c5fac6ceab89a",
    "fields": {
        "session_data": "ODAwMzlkNDUzOWVjY2VmNDMyZWJjMTBmMjgyMDNkNjRmNTk1YjE0NDp7Il9fY2hhbm5lbHNfbmV4dF9vcmRlciI6MSwiX2F1dGhfdXNlcl9oYXNoIjoiY2RmNDk2YTdjODQ0ZjhiNmVmM2E1ZGU0NTE4NDQ5YjhlNTNkZTIzZSIsIl9hdXRoX3VzZXJfaWQiOiIyIiwiX2F1dGhfdXNlcl9iYWNrZW5kIjoiYWxsYXV0aC5hY2NvdW50LmF1dGhfYmFja2VuZHMuQXV0aGVudGljYXRpb25CYWNrZW5kIn0=",
        "expire_date": "2016-08-30T00:08:06.819"
    }
},
{
    "model": "sessions.session",
    "pk": "chn3a20b4b2a23b11d35eb7626f3016e",
    "fields": {
        "session_data": "ODAwMzlkNDUzOWVjY2VmNDMyZWJjMTBmMjgyMDNkNjRmNTk1YjE0NDp7Il9fY2hhbm5lbHNfbmV4dF9vcmRlciI6MSwiX2F1dGhfdXNlcl9oYXNoIjoiY2RmNDk2YTdjODQ0ZjhiNmVmM2E1ZGU0NTE4NDQ5YjhlNTNkZTIzZSIsIl9hdXRoX3VzZXJfaWQiOiIyIiwiX2F1dGhfdXNlcl9iYWNrZW5kIjoiYWxsYXV0aC5hY2NvdW50LmF1dGhfYmFja2VuZHMuQXV0aGVudGljYXRpb25CYWNrZW5kIn0=",
        "expire_date": "2016-08-30T00:49:51.256"
    }
},
{
    "model": "sessions.session",
    "pk": "chn3a5fff57193d8b6fb7a78a8eab914",
    "fields": {
        "session_data": "ODAwMzlkNDUzOWVjY2VmNDMyZWJjMTBmMjgyMDNkNjRmNTk1YjE0NDp7Il9fY2hhbm5lbHNfbmV4dF9vcmRlciI6MSwiX2F1dGhfdXNlcl9oYXNoIjoiY2RmNDk2YTdjODQ0ZjhiNmVmM2E1ZGU0NTE4NDQ5YjhlNTNkZTIzZSIsIl9hdXRoX3VzZXJfaWQiOiIyIiwiX2F1dGhfdXNlcl9iYWNrZW5kIjoiYWxsYXV0aC5hY2NvdW50LmF1dGhfYmFja2VuZHMuQXV0aGVudGljYXRpb25CYWNrZW5kIn0=",
        "expire_date": "2016-08-30T00:08:24.959"
    }
},
{
    "model": "sessions.session",
    "pk": "chn3d58dd2a91f385fa760fef534d1ac",
    "fields": {
        "session_data": "ODAwMzlkNDUzOWVjY2VmNDMyZWJjMTBmMjgyMDNkNjRmNTk1YjE0NDp7Il9fY2hhbm5lbHNfbmV4dF9vcmRlciI6MSwiX2F1dGhfdXNlcl9oYXNoIjoiY2RmNDk2YTdjODQ0ZjhiNmVmM2E1ZGU0NTE4NDQ5YjhlNTNkZTIzZSIsIl9hdXRoX3VzZXJfaWQiOiIyIiwiX2F1dGhfdXNlcl9iYWNrZW5kIjoiYWxsYXV0aC5hY2NvdW50LmF1dGhfYmFja2VuZHMuQXV0aGVudGljYXRpb25CYWNrZW5kIn0=",
        "expire_date": "2016-08-30T00:19:01.463"
    }
},
{
    "model": "sessions.session",
    "pk": "chn3e7907bdd67853f244fe5128527f4",
    "fields": {
        "session_data": "YzJjNGUzNTQyY2Y5YTE1YmYxYTUxMWIyZmFmZWI1MmY3ZmUyZThkNDp7Il9fY2hhbm5lbHNfbmV4dF9vcmRlciI6MX0=",
        "expire_date": "2016-08-29T15:30:52.411"
    }
},
{
    "model": "sessions.session",
    "pk": "chn3e9c0e93d0dd514d8c2305f04685f",
    "fields": {
        "session_data": "YjZlOGVlZDhkYjQ4OWZmMjA3Y2VkM2MyYjkyZDIzZjk3N2M0NzI1Mjp7Il9fY2hhbm5lbHNfbmV4dF9vcmRlciI6MSwiX2F1dGhfdXNlcl9oYXNoIjoiMTAxYmNjZTNmMTMwYmE5NDIxZTNhNGVkZjQxMWE0OGI2Y2UyMmE1MCIsIl9hdXRoX3VzZXJfaWQiOiIzIiwiX2F1dGhfdXNlcl9iYWNrZW5kIjoiYWxsYXV0aC5hY2NvdW50LmF1dGhfYmFja2VuZHMuQXV0aGVudGljYXRpb25CYWNrZW5kIn0=",
        "expire_date": "2016-08-29T15:26:54.777"
    }
},
{
    "model": "sessions.session",
    "pk": "chn3f8564ccb223fde72bb2973ad8c7d",
    "fields": {
        "session_data": "ODAwMzlkNDUzOWVjY2VmNDMyZWJjMTBmMjgyMDNkNjRmNTk1YjE0NDp7Il9fY2hhbm5lbHNfbmV4dF9vcmRlciI6MSwiX2F1dGhfdXNlcl9oYXNoIjoiY2RmNDk2YTdjODQ0ZjhiNmVmM2E1ZGU0NTE4NDQ5YjhlNTNkZTIzZSIsIl9hdXRoX3VzZXJfaWQiOiIyIiwiX2F1dGhfdXNlcl9iYWNrZW5kIjoiYWxsYXV0aC5hY2NvdW50LmF1dGhfYmFja2VuZHMuQXV0aGVudGljYXRpb25CYWNrZW5kIn0=",
        "expire_date": "2016-08-30T00:08:10.356"
    }
},
{
    "model": "sessions.session",
    "pk": "chn4441d7a364b477db1e70a49794755",
    "fields": {
        "session_data": "ODAwMzlkNDUzOWVjY2VmNDMyZWJjMTBmMjgyMDNkNjRmNTk1YjE0NDp7Il9fY2hhbm5lbHNfbmV4dF9vcmRlciI6MSwiX2F1dGhfdXNlcl9oYXNoIjoiY2RmNDk2YTdjODQ0ZjhiNmVmM2E1ZGU0NTE4NDQ5YjhlNTNkZTIzZSIsIl9hdXRoX3VzZXJfaWQiOiIyIiwiX2F1dGhfdXNlcl9iYWNrZW5kIjoiYWxsYXV0aC5hY2NvdW50LmF1dGhfYmFja2VuZHMuQXV0aGVudGljYXRpb25CYWNrZW5kIn0=",
        "expire_date": "2016-08-30T02:05:04.641"
    }
},
{
    "model": "sessions.session",
    "pk": "chn45168d92d2d77123895755460dc1d",
    "fields": {
        "session_data": "ODAwMzlkNDUzOWVjY2VmNDMyZWJjMTBmMjgyMDNkNjRmNTk1YjE0NDp7Il9fY2hhbm5lbHNfbmV4dF9vcmRlciI6MSwiX2F1dGhfdXNlcl9oYXNoIjoiY2RmNDk2YTdjODQ0ZjhiNmVmM2E1ZGU0NTE4NDQ5YjhlNTNkZTIzZSIsIl9hdXRoX3VzZXJfaWQiOiIyIiwiX2F1dGhfdXNlcl9iYWNrZW5kIjoiYWxsYXV0aC5hY2NvdW50LmF1dGhfYmFja2VuZHMuQXV0aGVudGljYXRpb25CYWNrZW5kIn0=",
        "expire_date": "2016-08-30T01:20:24.867"
    }
},
{
    "model": "sessions.session",
    "pk": "chn47282e787a5cb6a724c82eb9d6a44",
    "fields": {
        "session_data": "MTcyZGJjYmI5MGNmOTgxOTBkMjZkYmI3ZWI1NzA0ZTJhNDRhYzExNDp7Il9hdXRoX3VzZXJfYmFja2VuZCI6ImFsbGF1dGguYWNjb3VudC5hdXRoX2JhY2tlbmRzLkF1dGhlbnRpY2F0aW9uQmFja2VuZCIsIl9hdXRoX3VzZXJfaGFzaCI6IjEwMWJjY2UzZjEzMGJhOTQyMWUzYTRlZGY0MTFhNDhiNmNlMjJhNTAiLCJfYXV0aF91c2VyX2lkIjoiMyIsIl9fY2hhbm5lbHNfbmV4dF9vcmRlciI6Mn0=",
        "expire_date": "2016-08-29T15:26:17.510"
    }
},
{
    "model": "sessions.session",
    "pk": "chn473c75c210307c9a8cb8d90a1ecdb",
    "fields": {
        "session_data": "YjZlOGVlZDhkYjQ4OWZmMjA3Y2VkM2MyYjkyZDIzZjk3N2M0NzI1Mjp7Il9fY2hhbm5lbHNfbmV4dF9vcmRlciI6MSwiX2F1dGhfdXNlcl9oYXNoIjoiMTAxYmNjZTNmMTMwYmE5NDIxZTNhNGVkZjQxMWE0OGI2Y2UyMmE1MCIsIl9hdXRoX3VzZXJfaWQiOiIzIiwiX2F1dGhfdXNlcl9iYWNrZW5kIjoiYWxsYXV0aC5hY2NvdW50LmF1dGhfYmFja2VuZHMuQXV0aGVudGljYXRpb25CYWNrZW5kIn0=",
        "expire_date": "2016-08-29T15:26:57.009"
    }
},
{
    "model": "sessions.session",
    "pk": "chn4856cfe537305585dfc8024024429",
    "fields": {
        "session_data": "ODAwMzlkNDUzOWVjY2VmNDMyZWJjMTBmMjgyMDNkNjRmNTk1YjE0NDp7Il9fY2hhbm5lbHNfbmV4dF9vcmRlciI6MSwiX2F1dGhfdXNlcl9oYXNoIjoiY2RmNDk2YTdjODQ0ZjhiNmVmM2E1ZGU0NTE4NDQ5YjhlNTNkZTIzZSIsIl9hdXRoX3VzZXJfaWQiOiIyIiwiX2F1dGhfdXNlcl9iYWNrZW5kIjoiYWxsYXV0aC5hY2NvdW50LmF1dGhfYmFja2VuZHMuQXV0aGVudGljYXRpb25CYWNrZW5kIn0=",
        "expire_date": "2016-08-30T00:20:12.451"
    }
},
{
    "model": "sessions.session",
    "pk": "chn4b5d4427d130abceef6062e2e6ccf",
    "fields": {
        "session_data": "ODAwMzlkNDUzOWVjY2VmNDMyZWJjMTBmMjgyMDNkNjRmNTk1YjE0NDp7Il9fY2hhbm5lbHNfbmV4dF9vcmRlciI6MSwiX2F1dGhfdXNlcl9oYXNoIjoiY2RmNDk2YTdjODQ0ZjhiNmVmM2E1ZGU0NTE4NDQ5YjhlNTNkZTIzZSIsIl9hdXRoX3VzZXJfaWQiOiIyIiwiX2F1dGhfdXNlcl9iYWNrZW5kIjoiYWxsYXV0aC5hY2NvdW50LmF1dGhfYmFja2VuZHMuQXV0aGVudGljYXRpb25CYWNrZW5kIn0=",
        "expire_date": "2016-08-30T00:16:20.413"
    }
},
{
    "model": "sessions.session",
    "pk": "chn4c53692fef7ceeb8c7d3e466da44b",
    "fields": {
        "session_data": "YjZlOGVlZDhkYjQ4OWZmMjA3Y2VkM2MyYjkyZDIzZjk3N2M0NzI1Mjp7Il9fY2hhbm5lbHNfbmV4dF9vcmRlciI6MSwiX2F1dGhfdXNlcl9oYXNoIjoiMTAxYmNjZTNmMTMwYmE5NDIxZTNhNGVkZjQxMWE0OGI2Y2UyMmE1MCIsIl9hdXRoX3VzZXJfaWQiOiIzIiwiX2F1dGhfdXNlcl9iYWNrZW5kIjoiYWxsYXV0aC5hY2NvdW50LmF1dGhfYmFja2VuZHMuQXV0aGVudGljYXRpb25CYWNrZW5kIn0=",
        "expire_date": "2016-08-29T15:42:20.257"
    }
},
{
    "model": "sessions.session",
    "pk": "chn4c6c2615d9f6636c9052b2d48ce84",
    "fields": {
        "session_data": "ODAwMzlkNDUzOWVjY2VmNDMyZWJjMTBmMjgyMDNkNjRmNTk1YjE0NDp7Il9fY2hhbm5lbHNfbmV4dF9vcmRlciI6MSwiX2F1dGhfdXNlcl9oYXNoIjoiY2RmNDk2YTdjODQ0ZjhiNmVmM2E1ZGU0NTE4NDQ5YjhlNTNkZTIzZSIsIl9hdXRoX3VzZXJfaWQiOiIyIiwiX2F1dGhfdXNlcl9iYWNrZW5kIjoiYWxsYXV0aC5hY2NvdW50LmF1dGhfYmFja2VuZHMuQXV0aGVudGljYXRpb25CYWNrZW5kIn0=",
        "expire_date": "2016-08-30T00:33:03.087"
    }
},
{
    "model": "sessions.session",
    "pk": "chn4ca9749014460b2c5744eb93fd2b1",
    "fields": {
        "session_data": "YzJjNGUzNTQyY2Y5YTE1YmYxYTUxMWIyZmFmZWI1MmY3ZmUyZThkNDp7Il9fY2hhbm5lbHNfbmV4dF9vcmRlciI6MX0=",
        "expire_date": "2016-08-29T19:57:14.573"
    }
},
{
    "model": "sessions.session",
    "pk": "chn4ef2ce2575c1894ed4424a9a45166",
    "fields": {
        "session_data": "YjZlOGVlZDhkYjQ4OWZmMjA3Y2VkM2MyYjkyZDIzZjk3N2M0NzI1Mjp7Il9fY2hhbm5lbHNfbmV4dF9vcmRlciI6MSwiX2F1dGhfdXNlcl9oYXNoIjoiMTAxYmNjZTNmMTMwYmE5NDIxZTNhNGVkZjQxMWE0OGI2Y2UyMmE1MCIsIl9hdXRoX3VzZXJfaWQiOiIzIiwiX2F1dGhfdXNlcl9iYWNrZW5kIjoiYWxsYXV0aC5hY2NvdW50LmF1dGhfYmFja2VuZHMuQXV0aGVudGljYXRpb25CYWNrZW5kIn0=",
        "expire_date": "2016-08-29T15:42:20.112"
    }
},
{
    "model": "sessions.session",
    "pk": "chn4fb94fce2752d9c7ede48efadf73b",
    "fields": {
        "session_data": "ODAwMzlkNDUzOWVjY2VmNDMyZWJjMTBmMjgyMDNkNjRmNTk1YjE0NDp7Il9fY2hhbm5lbHNfbmV4dF9vcmRlciI6MSwiX2F1dGhfdXNlcl9oYXNoIjoiY2RmNDk2YTdjODQ0ZjhiNmVmM2E1ZGU0NTE4NDQ5YjhlNTNkZTIzZSIsIl9hdXRoX3VzZXJfaWQiOiIyIiwiX2F1dGhfdXNlcl9iYWNrZW5kIjoiYWxsYXV0aC5hY2NvdW50LmF1dGhfYmFja2VuZHMuQXV0aGVudGljYXRpb25CYWNrZW5kIn0=",
        "expire_date": "2016-08-30T00:08:20.637"
    }
},
{
    "model": "sessions.session",
    "pk": "chn5297b6bfdf896c117a862f8e17f37",
    "fields": {
        "session_data": "ODAwMzlkNDUzOWVjY2VmNDMyZWJjMTBmMjgyMDNkNjRmNTk1YjE0NDp7Il9fY2hhbm5lbHNfbmV4dF9vcmRlciI6MSwiX2F1dGhfdXNlcl9oYXNoIjoiY2RmNDk2YTdjODQ0ZjhiNmVmM2E1ZGU0NTE4NDQ5YjhlNTNkZTIzZSIsIl9hdXRoX3VzZXJfaWQiOiIyIiwiX2F1dGhfdXNlcl9iYWNrZW5kIjoiYWxsYXV0aC5hY2NvdW50LmF1dGhfYmFja2VuZHMuQXV0aGVudGljYXRpb25CYWNrZW5kIn0=",
        "expire_date": "2016-08-30T00:16:16.597"
    }
},
{
    "model": "sessions.session",
    "pk": "chn52bd9829d25d48f6afdf961261448",
    "fields": {
        "session_data": "ODAwMzlkNDUzOWVjY2VmNDMyZWJjMTBmMjgyMDNkNjRmNTk1YjE0NDp7Il9fY2hhbm5lbHNfbmV4dF9vcmRlciI6MSwiX2F1dGhfdXNlcl9oYXNoIjoiY2RmNDk2YTdjODQ0ZjhiNmVmM2E1ZGU0NTE4NDQ5YjhlNTNkZTIzZSIsIl9hdXRoX3VzZXJfaWQiOiIyIiwiX2F1dGhfdXNlcl9iYWNrZW5kIjoiYWxsYXV0aC5hY2NvdW50LmF1dGhfYmFja2VuZHMuQXV0aGVudGljYXRpb25CYWNrZW5kIn0=",
        "expire_date": "2016-08-30T00:39:26.517"
    }
},
{
    "model": "sessions.session",
    "pk": "chn53cb08cfef79abbd020fa1c07c6e4",
    "fields": {
        "session_data": "YzJjNGUzNTQyY2Y5YTE1YmYxYTUxMWIyZmFmZWI1MmY3ZmUyZThkNDp7Il9fY2hhbm5lbHNfbmV4dF9vcmRlciI6MX0=",
        "expire_date": "2016-08-29T15:31:39.615"
    }
},
{
    "model": "sessions.session",
    "pk": "chn568bc9d3dca88f460359806c86913",
    "fields": {
        "session_data": "ODAwMzlkNDUzOWVjY2VmNDMyZWJjMTBmMjgyMDNkNjRmNTk1YjE0NDp7Il9fY2hhbm5lbHNfbmV4dF9vcmRlciI6MSwiX2F1dGhfdXNlcl9oYXNoIjoiY2RmNDk2YTdjODQ0ZjhiNmVmM2E1ZGU0NTE4NDQ5YjhlNTNkZTIzZSIsIl9hdXRoX3VzZXJfaWQiOiIyIiwiX2F1dGhfdXNlcl9iYWNrZW5kIjoiYWxsYXV0aC5hY2NvdW50LmF1dGhfYmFja2VuZHMuQXV0aGVudGljYXRpb25CYWNrZW5kIn0=",
        "expire_date": "2016-08-30T00:19:07.130"
    }
},
{
    "model": "sessions.session",
    "pk": "chn56acdd764e0128b8179bfff18a7c0",
    "fields": {
        "session_data": "ODAwMzlkNDUzOWVjY2VmNDMyZWJjMTBmMjgyMDNkNjRmNTk1YjE0NDp7Il9fY2hhbm5lbHNfbmV4dF9vcmRlciI6MSwiX2F1dGhfdXNlcl9oYXNoIjoiY2RmNDk2YTdjODQ0ZjhiNmVmM2E1ZGU0NTE4NDQ5YjhlNTNkZTIzZSIsIl9hdXRoX3VzZXJfaWQiOiIyIiwiX2F1dGhfdXNlcl9iYWNrZW5kIjoiYWxsYXV0aC5hY2NvdW50LmF1dGhfYmFja2VuZHMuQXV0aGVudGljYXRpb25CYWNrZW5kIn0=",
        "expire_date": "2016-08-30T00:22:55.541"
    }
},
{
    "model": "sessions.session",
    "pk": "chn5c3e569e348bdf9a2fadbe70c9651",
    "fields": {
        "session_data": "YzJjNGUzNTQyY2Y5YTE1YmYxYTUxMWIyZmFmZWI1MmY3ZmUyZThkNDp7Il9fY2hhbm5lbHNfbmV4dF9vcmRlciI6MX0=",
        "expire_date": "2016-08-29T15:31:48.896"
    }
},
{
    "model": "sessions.session",
    "pk": "chn5c87841a926868da29009640a20d9",
    "fields": {
        "session_data": "YzJjNGUzNTQyY2Y5YTE1YmYxYTUxMWIyZmFmZWI1MmY3ZmUyZThkNDp7Il9fY2hhbm5lbHNfbmV4dF9vcmRlciI6MX0=",
        "expire_date": "2016-08-29T17:01:44.202"
    }
},
{
    "model": "sessions.session",
    "pk": "chn5feb86f37d4faf10f3b8d1d26f3eb",
    "fields": {
        "session_data": "ODAwMzlkNDUzOWVjY2VmNDMyZWJjMTBmMjgyMDNkNjRmNTk1YjE0NDp7Il9fY2hhbm5lbHNfbmV4dF9vcmRlciI6MSwiX2F1dGhfdXNlcl9oYXNoIjoiY2RmNDk2YTdjODQ0ZjhiNmVmM2E1ZGU0NTE4NDQ5YjhlNTNkZTIzZSIsIl9hdXRoX3VzZXJfaWQiOiIyIiwiX2F1dGhfdXNlcl9iYWNrZW5kIjoiYWxsYXV0aC5hY2NvdW50LmF1dGhfYmFja2VuZHMuQXV0aGVudGljYXRpb25CYWNrZW5kIn0=",
        "expire_date": "2016-08-30T00:14:41.290"
    }
},
{
    "model": "sessions.session",
    "pk": "chn61da68f8b6dbbccfcb67977b3f976",
    "fields": {
        "session_data": "ODAwMzlkNDUzOWVjY2VmNDMyZWJjMTBmMjgyMDNkNjRmNTk1YjE0NDp7Il9fY2hhbm5lbHNfbmV4dF9vcmRlciI6MSwiX2F1dGhfdXNlcl9oYXNoIjoiY2RmNDk2YTdjODQ0ZjhiNmVmM2E1ZGU0NTE4NDQ5YjhlNTNkZTIzZSIsIl9hdXRoX3VzZXJfaWQiOiIyIiwiX2F1dGhfdXNlcl9iYWNrZW5kIjoiYWxsYXV0aC5hY2NvdW50LmF1dGhfYmFja2VuZHMuQXV0aGVudGljYXRpb25CYWNrZW5kIn0=",
        "expire_date": "2016-08-30T00:15:55.229"
    }
},
{
    "model": "sessions.session",
    "pk": "chn64f1ab5867118f2a59aa704e522a5",
    "fields": {
        "session_data": "ODAwMzlkNDUzOWVjY2VmNDMyZWJjMTBmMjgyMDNkNjRmNTk1YjE0NDp7Il9fY2hhbm5lbHNfbmV4dF9vcmRlciI6MSwiX2F1dGhfdXNlcl9oYXNoIjoiY2RmNDk2YTdjODQ0ZjhiNmVmM2E1ZGU0NTE4NDQ5YjhlNTNkZTIzZSIsIl9hdXRoX3VzZXJfaWQiOiIyIiwiX2F1dGhfdXNlcl9iYWNrZW5kIjoiYWxsYXV0aC5hY2NvdW50LmF1dGhfYmFja2VuZHMuQXV0aGVudGljYXRpb25CYWNrZW5kIn0=",
        "expire_date": "2016-08-30T00:39:50.667"
    }
},
{
    "model": "sessions.session",
    "pk": "chn6fa8cb95cd26d83b75222c75fb8e8",
    "fields": {
        "session_data": "YzJjNGUzNTQyY2Y5YTE1YmYxYTUxMWIyZmFmZWI1MmY3ZmUyZThkNDp7Il9fY2hhbm5lbHNfbmV4dF9vcmRlciI6MX0=",
        "expire_date": "2016-08-29T15:30:43.536"
    }
},
{
    "model": "sessions.session",
    "pk": "chn71f2464c2ba4c05bca343c6be62ca",
    "fields": {
        "session_data": "ODAwMzlkNDUzOWVjY2VmNDMyZWJjMTBmMjgyMDNkNjRmNTk1YjE0NDp7Il9fY2hhbm5lbHNfbmV4dF9vcmRlciI6MSwiX2F1dGhfdXNlcl9oYXNoIjoiY2RmNDk2YTdjODQ0ZjhiNmVmM2E1ZGU0NTE4NDQ5YjhlNTNkZTIzZSIsIl9hdXRoX3VzZXJfaWQiOiIyIiwiX2F1dGhfdXNlcl9iYWNrZW5kIjoiYWxsYXV0aC5hY2NvdW50LmF1dGhfYmFja2VuZHMuQXV0aGVudGljYXRpb25CYWNrZW5kIn0=",
        "expire_date": "2016-08-29T16:53:49.946"
    }
},
{
    "model": "sessions.session",
    "pk": "chn7386c017abe5c17bf89bb9ff89abe",
    "fields": {
        "session_data": "ODAwMzlkNDUzOWVjY2VmNDMyZWJjMTBmMjgyMDNkNjRmNTk1YjE0NDp7Il9fY2hhbm5lbHNfbmV4dF9vcmRlciI6MSwiX2F1dGhfdXNlcl9oYXNoIjoiY2RmNDk2YTdjODQ0ZjhiNmVmM2E1ZGU0NTE4NDQ5YjhlNTNkZTIzZSIsIl9hdXRoX3VzZXJfaWQiOiIyIiwiX2F1dGhfdXNlcl9iYWNrZW5kIjoiYWxsYXV0aC5hY2NvdW50LmF1dGhfYmFja2VuZHMuQXV0aGVudGljYXRpb25CYWNrZW5kIn0=",
        "expire_date": "2016-08-30T00:45:38.010"
    }
},
{
    "model": "sessions.session",
    "pk": "chn7a763cd44a25eaba41416a37cffed",
    "fields": {
        "session_data": "YjZlOGVlZDhkYjQ4OWZmMjA3Y2VkM2MyYjkyZDIzZjk3N2M0NzI1Mjp7Il9fY2hhbm5lbHNfbmV4dF9vcmRlciI6MSwiX2F1dGhfdXNlcl9oYXNoIjoiMTAxYmNjZTNmMTMwYmE5NDIxZTNhNGVkZjQxMWE0OGI2Y2UyMmE1MCIsIl9hdXRoX3VzZXJfaWQiOiIzIiwiX2F1dGhfdXNlcl9iYWNrZW5kIjoiYWxsYXV0aC5hY2NvdW50LmF1dGhfYmFja2VuZHMuQXV0aGVudGljYXRpb25CYWNrZW5kIn0=",
        "expire_date": "2016-08-29T15:41:05.687"
    }
},
{
    "model": "sessions.session",
    "pk": "chn80970af6e9d1436343dfda1dea143",
    "fields": {
        "session_data": "ODAwMzlkNDUzOWVjY2VmNDMyZWJjMTBmMjgyMDNkNjRmNTk1YjE0NDp7Il9fY2hhbm5lbHNfbmV4dF9vcmRlciI6MSwiX2F1dGhfdXNlcl9oYXNoIjoiY2RmNDk2YTdjODQ0ZjhiNmVmM2E1ZGU0NTE4NDQ5YjhlNTNkZTIzZSIsIl9hdXRoX3VzZXJfaWQiOiIyIiwiX2F1dGhfdXNlcl9iYWNrZW5kIjoiYWxsYXV0aC5hY2NvdW50LmF1dGhfYmFja2VuZHMuQXV0aGVudGljYXRpb25CYWNrZW5kIn0=",
        "expire_date": "2016-08-30T00:19:43.943"
    }
},
{
    "model": "sessions.session",
    "pk": "chn812c41b1cded47c763acdc354d528",
    "fields": {
        "session_data": "ODAwMzlkNDUzOWVjY2VmNDMyZWJjMTBmMjgyMDNkNjRmNTk1YjE0NDp7Il9fY2hhbm5lbHNfbmV4dF9vcmRlciI6MSwiX2F1dGhfdXNlcl9oYXNoIjoiY2RmNDk2YTdjODQ0ZjhiNmVmM2E1ZGU0NTE4NDQ5YjhlNTNkZTIzZSIsIl9hdXRoX3VzZXJfaWQiOiIyIiwiX2F1dGhfdXNlcl9iYWNrZW5kIjoiYWxsYXV0aC5hY2NvdW50LmF1dGhfYmFja2VuZHMuQXV0aGVudGljYXRpb25CYWNrZW5kIn0=",
        "expire_date": "2016-08-29T15:33:09.154"
    }
},
{
    "model": "sessions.session",
    "pk": "chn8178f666412cf3764896200ced3e4",
    "fields": {
        "session_data": "ODAwMzlkNDUzOWVjY2VmNDMyZWJjMTBmMjgyMDNkNjRmNTk1YjE0NDp7Il9fY2hhbm5lbHNfbmV4dF9vcmRlciI6MSwiX2F1dGhfdXNlcl9oYXNoIjoiY2RmNDk2YTdjODQ0ZjhiNmVmM2E1ZGU0NTE4NDQ5YjhlNTNkZTIzZSIsIl9hdXRoX3VzZXJfaWQiOiIyIiwiX2F1dGhfdXNlcl9iYWNrZW5kIjoiYWxsYXV0aC5hY2NvdW50LmF1dGhfYmFja2VuZHMuQXV0aGVudGljYXRpb25CYWNrZW5kIn0=",
        "expire_date": "2016-08-30T00:16:36.109"
    }
},
{
    "model": "sessions.session",
    "pk": "chn837cd080a3450bd7228aebcb9a07d",
    "fields": {
        "session_data": "ODAwMzlkNDUzOWVjY2VmNDMyZWJjMTBmMjgyMDNkNjRmNTk1YjE0NDp7Il9fY2hhbm5lbHNfbmV4dF9vcmRlciI6MSwiX2F1dGhfdXNlcl9oYXNoIjoiY2RmNDk2YTdjODQ0ZjhiNmVmM2E1ZGU0NTE4NDQ5YjhlNTNkZTIzZSIsIl9hdXRoX3VzZXJfaWQiOiIyIiwiX2F1dGhfdXNlcl9iYWNrZW5kIjoiYWxsYXV0aC5hY2NvdW50LmF1dGhfYmFja2VuZHMuQXV0aGVudGljYXRpb25CYWNrZW5kIn0=",
        "expire_date": "2016-08-30T00:41:14.560"
    }
},
{
    "model": "sessions.session",
    "pk": "chn84a2bcb13e6f4c7c71e2aae29f459",
    "fields": {
        "session_data": "ODAwMzlkNDUzOWVjY2VmNDMyZWJjMTBmMjgyMDNkNjRmNTk1YjE0NDp7Il9fY2hhbm5lbHNfbmV4dF9vcmRlciI6MSwiX2F1dGhfdXNlcl9oYXNoIjoiY2RmNDk2YTdjODQ0ZjhiNmVmM2E1ZGU0NTE4NDQ5YjhlNTNkZTIzZSIsIl9hdXRoX3VzZXJfaWQiOiIyIiwiX2F1dGhfdXNlcl9iYWNrZW5kIjoiYWxsYXV0aC5hY2NvdW50LmF1dGhfYmFja2VuZHMuQXV0aGVudGljYXRpb25CYWNrZW5kIn0=",
        "expire_date": "2016-08-30T00:19:40.758"
    }
},
{
    "model": "sessions.session",
    "pk": "chn84c14d0a3f1409715ca63343f6cfe",
    "fields": {
        "session_data": "ODAwMzlkNDUzOWVjY2VmNDMyZWJjMTBmMjgyMDNkNjRmNTk1YjE0NDp7Il9fY2hhbm5lbHNfbmV4dF9vcmRlciI6MSwiX2F1dGhfdXNlcl9oYXNoIjoiY2RmNDk2YTdjODQ0ZjhiNmVmM2E1ZGU0NTE4NDQ5YjhlNTNkZTIzZSIsIl9hdXRoX3VzZXJfaWQiOiIyIiwiX2F1dGhfdXNlcl9iYWNrZW5kIjoiYWxsYXV0aC5hY2NvdW50LmF1dGhfYmFja2VuZHMuQXV0aGVudGljYXRpb25CYWNrZW5kIn0=",
        "expire_date": "2016-08-29T23:51:35.805"
    }
},
{
    "model": "sessions.session",
    "pk": "chn856b5be4133a674d6e6b1ac8738e9",
    "fields": {
        "session_data": "YzJjNGUzNTQyY2Y5YTE1YmYxYTUxMWIyZmFmZWI1MmY3ZmUyZThkNDp7Il9fY2hhbm5lbHNfbmV4dF9vcmRlciI6MX0=",
        "expire_date": "2016-08-29T17:56:30.095"
    }
},
{
    "model": "sessions.session",
    "pk": "chn86886b5a9a3385f9326e966c7f6ad",
    "fields": {
        "session_data": "ODAwMzlkNDUzOWVjY2VmNDMyZWJjMTBmMjgyMDNkNjRmNTk1YjE0NDp7Il9fY2hhbm5lbHNfbmV4dF9vcmRlciI6MSwiX2F1dGhfdXNlcl9oYXNoIjoiY2RmNDk2YTdjODQ0ZjhiNmVmM2E1ZGU0NTE4NDQ5YjhlNTNkZTIzZSIsIl9hdXRoX3VzZXJfaWQiOiIyIiwiX2F1dGhfdXNlcl9iYWNrZW5kIjoiYWxsYXV0aC5hY2NvdW50LmF1dGhfYmFja2VuZHMuQXV0aGVudGljYXRpb25CYWNrZW5kIn0=",
        "expire_date": "2016-08-30T00:41:11.068"
    }
},
{
    "model": "sessions.session",
    "pk": "chn89a216d534cb6e4bb379e57ee2996",
    "fields": {
        "session_data": "YzJjNGUzNTQyY2Y5YTE1YmYxYTUxMWIyZmFmZWI1MmY3ZmUyZThkNDp7Il9fY2hhbm5lbHNfbmV4dF9vcmRlciI6MX0=",
        "expire_date": "2016-08-29T15:30:54.490"
    }
},
{
    "model": "sessions.session",
    "pk": "chn8b38bb2ab41ddce9d01f789300ba6",
    "fields": {
        "session_data": "ODAwMzlkNDUzOWVjY2VmNDMyZWJjMTBmMjgyMDNkNjRmNTk1YjE0NDp7Il9fY2hhbm5lbHNfbmV4dF9vcmRlciI6MSwiX2F1dGhfdXNlcl9oYXNoIjoiY2RmNDk2YTdjODQ0ZjhiNmVmM2E1ZGU0NTE4NDQ5YjhlNTNkZTIzZSIsIl9hdXRoX3VzZXJfaWQiOiIyIiwiX2F1dGhfdXNlcl9iYWNrZW5kIjoiYWxsYXV0aC5hY2NvdW50LmF1dGhfYmFja2VuZHMuQXV0aGVudGljYXRpb25CYWNrZW5kIn0=",
        "expire_date": "2016-08-30T00:39:16.484"
    }
},
{
    "model": "sessions.session",
    "pk": "chn8d3d7b70a7ef4d885757462a19379",
    "fields": {
        "session_data": "ODAwMzlkNDUzOWVjY2VmNDMyZWJjMTBmMjgyMDNkNjRmNTk1YjE0NDp7Il9fY2hhbm5lbHNfbmV4dF9vcmRlciI6MSwiX2F1dGhfdXNlcl9oYXNoIjoiY2RmNDk2YTdjODQ0ZjhiNmVmM2E1ZGU0NTE4NDQ5YjhlNTNkZTIzZSIsIl9hdXRoX3VzZXJfaWQiOiIyIiwiX2F1dGhfdXNlcl9iYWNrZW5kIjoiYWxsYXV0aC5hY2NvdW50LmF1dGhfYmFja2VuZHMuQXV0aGVudGljYXRpb25CYWNrZW5kIn0=",
        "expire_date": "2016-08-30T00:39:11.803"
    }
},
{
    "model": "sessions.session",
    "pk": "chn8fd957eeb824d2777f2896dad8b0c",
    "fields": {
        "session_data": "YzJjNGUzNTQyY2Y5YTE1YmYxYTUxMWIyZmFmZWI1MmY3ZmUyZThkNDp7Il9fY2hhbm5lbHNfbmV4dF9vcmRlciI6MX0=",
        "expire_date": "2016-08-29T15:30:38.795"
    }
},
{
    "model": "sessions.session",
    "pk": "chn90536c21b64f453bb49cd2cc0327f",
    "fields": {
        "session_data": "ODAwMzlkNDUzOWVjY2VmNDMyZWJjMTBmMjgyMDNkNjRmNTk1YjE0NDp7Il9fY2hhbm5lbHNfbmV4dF9vcmRlciI6MSwiX2F1dGhfdXNlcl9oYXNoIjoiY2RmNDk2YTdjODQ0ZjhiNmVmM2E1ZGU0NTE4NDQ5YjhlNTNkZTIzZSIsIl9hdXRoX3VzZXJfaWQiOiIyIiwiX2F1dGhfdXNlcl9iYWNrZW5kIjoiYWxsYXV0aC5hY2NvdW50LmF1dGhfYmFja2VuZHMuQXV0aGVudGljYXRpb25CYWNrZW5kIn0=",
        "expire_date": "2016-08-30T00:16:09.671"
    }
},
{
    "model": "sessions.session",
    "pk": "chn9146c159c1a1a8c6932c7962f72e2",
    "fields": {
        "session_data": "ODAwMzlkNDUzOWVjY2VmNDMyZWJjMTBmMjgyMDNkNjRmNTk1YjE0NDp7Il9fY2hhbm5lbHNfbmV4dF9vcmRlciI6MSwiX2F1dGhfdXNlcl9oYXNoIjoiY2RmNDk2YTdjODQ0ZjhiNmVmM2E1ZGU0NTE4NDQ5YjhlNTNkZTIzZSIsIl9hdXRoX3VzZXJfaWQiOiIyIiwiX2F1dGhfdXNlcl9iYWNrZW5kIjoiYWxsYXV0aC5hY2NvdW50LmF1dGhfYmFja2VuZHMuQXV0aGVudGljYXRpb25CYWNrZW5kIn0=",
        "expire_date": "2016-08-30T00:39:41.215"
    }
},
{
    "model": "sessions.session",
    "pk": "chn91bf2374d656d1d13f61032a0fecf",
    "fields": {
        "session_data": "YzJjNGUzNTQyY2Y5YTE1YmYxYTUxMWIyZmFmZWI1MmY3ZmUyZThkNDp7Il9fY2hhbm5lbHNfbmV4dF9vcmRlciI6MX0=",
        "expire_date": "2016-08-29T15:31:55.602"
    }
},
{
    "model": "sessions.session",
    "pk": "chn942a5edfa92db25f1047b11630dea",
    "fields": {
        "session_data": "YzJjNGUzNTQyY2Y5YTE1YmYxYTUxMWIyZmFmZWI1MmY3ZmUyZThkNDp7Il9fY2hhbm5lbHNfbmV4dF9vcmRlciI6MX0=",
        "expire_date": "2016-08-29T15:31:28.082"
    }
},
{
    "model": "sessions.session",
    "pk": "chn9577aa05ee91ce57c25c1e4e3aca4",
    "fields": {
        "session_data": "ODAwMzlkNDUzOWVjY2VmNDMyZWJjMTBmMjgyMDNkNjRmNTk1YjE0NDp7Il9fY2hhbm5lbHNfbmV4dF9vcmRlciI6MSwiX2F1dGhfdXNlcl9oYXNoIjoiY2RmNDk2YTdjODQ0ZjhiNmVmM2E1ZGU0NTE4NDQ5YjhlNTNkZTIzZSIsIl9hdXRoX3VzZXJfaWQiOiIyIiwiX2F1dGhfdXNlcl9iYWNrZW5kIjoiYWxsYXV0aC5hY2NvdW50LmF1dGhfYmFja2VuZHMuQXV0aGVudGljYXRpb25CYWNrZW5kIn0=",
        "expire_date": "2016-08-30T00:16:02.009"
    }
},
{
    "model": "sessions.session",
    "pk": "chn98fecaead2a37c4754d163b30e586",
    "fields": {
        "session_data": "ODAwMzlkNDUzOWVjY2VmNDMyZWJjMTBmMjgyMDNkNjRmNTk1YjE0NDp7Il9fY2hhbm5lbHNfbmV4dF9vcmRlciI6MSwiX2F1dGhfdXNlcl9oYXNoIjoiY2RmNDk2YTdjODQ0ZjhiNmVmM2E1ZGU0NTE4NDQ5YjhlNTNkZTIzZSIsIl9hdXRoX3VzZXJfaWQiOiIyIiwiX2F1dGhfdXNlcl9iYWNrZW5kIjoiYWxsYXV0aC5hY2NvdW50LmF1dGhfYmFja2VuZHMuQXV0aGVudGljYXRpb25CYWNrZW5kIn0=",
        "expire_date": "2016-08-30T00:19:32.995"
    }
},
{
    "model": "sessions.session",
    "pk": "chn9bf13d5c69c1824156d99237034ef",
    "fields": {
        "session_data": "ODAwMzlkNDUzOWVjY2VmNDMyZWJjMTBmMjgyMDNkNjRmNTk1YjE0NDp7Il9fY2hhbm5lbHNfbmV4dF9vcmRlciI6MSwiX2F1dGhfdXNlcl9oYXNoIjoiY2RmNDk2YTdjODQ0ZjhiNmVmM2E1ZGU0NTE4NDQ5YjhlNTNkZTIzZSIsIl9hdXRoX3VzZXJfaWQiOiIyIiwiX2F1dGhfdXNlcl9iYWNrZW5kIjoiYWxsYXV0aC5hY2NvdW50LmF1dGhfYmFja2VuZHMuQXV0aGVudGljYXRpb25CYWNrZW5kIn0=",
        "expire_date": "2016-08-30T01:20:22.458"
    }
},
{
    "model": "sessions.session",
    "pk": "chn9d3946b66ec8a9c9e70d33ca3c60e",
    "fields": {
        "session_data": "ODAwMzlkNDUzOWVjY2VmNDMyZWJjMTBmMjgyMDNkNjRmNTk1YjE0NDp7Il9fY2hhbm5lbHNfbmV4dF9vcmRlciI6MSwiX2F1dGhfdXNlcl9oYXNoIjoiY2RmNDk2YTdjODQ0ZjhiNmVmM2E1ZGU0NTE4NDQ5YjhlNTNkZTIzZSIsIl9hdXRoX3VzZXJfaWQiOiIyIiwiX2F1dGhfdXNlcl9iYWNrZW5kIjoiYWxsYXV0aC5hY2NvdW50LmF1dGhfYmFja2VuZHMuQXV0aGVudGljYXRpb25CYWNrZW5kIn0=",
        "expire_date": "2016-08-30T00:22:44.636"
    }
},
{
    "model": "sessions.session",
    "pk": "chna3da311a965d2946ff4a20b7e1b73",
    "fields": {
        "session_data": "ODAwMzlkNDUzOWVjY2VmNDMyZWJjMTBmMjgyMDNkNjRmNTk1YjE0NDp7Il9fY2hhbm5lbHNfbmV4dF9vcmRlciI6MSwiX2F1dGhfdXNlcl9oYXNoIjoiY2RmNDk2YTdjODQ0ZjhiNmVmM2E1ZGU0NTE4NDQ5YjhlNTNkZTIzZSIsIl9hdXRoX3VzZXJfaWQiOiIyIiwiX2F1dGhfdXNlcl9iYWNrZW5kIjoiYWxsYXV0aC5hY2NvdW50LmF1dGhfYmFja2VuZHMuQXV0aGVudGljYXRpb25CYWNrZW5kIn0=",
        "expire_date": "2016-08-30T00:51:39.108"
    }
},
{
    "model": "sessions.session",
    "pk": "chna5bd73ca0724b170e58d00bc67efc",
    "fields": {
        "session_data": "ODAwMzlkNDUzOWVjY2VmNDMyZWJjMTBmMjgyMDNkNjRmNTk1YjE0NDp7Il9fY2hhbm5lbHNfbmV4dF9vcmRlciI6MSwiX2F1dGhfdXNlcl9oYXNoIjoiY2RmNDk2YTdjODQ0ZjhiNmVmM2E1ZGU0NTE4NDQ5YjhlNTNkZTIzZSIsIl9hdXRoX3VzZXJfaWQiOiIyIiwiX2F1dGhfdXNlcl9iYWNrZW5kIjoiYWxsYXV0aC5hY2NvdW50LmF1dGhfYmFja2VuZHMuQXV0aGVudGljYXRpb25CYWNrZW5kIn0=",
        "expire_date": "2016-08-30T00:19:45.644"
    }
},
{
    "model": "sessions.session",
    "pk": "chna678a473c13ef8cc1f970f0054fe0",
    "fields": {
        "session_data": "ODAwMzlkNDUzOWVjY2VmNDMyZWJjMTBmMjgyMDNkNjRmNTk1YjE0NDp7Il9fY2hhbm5lbHNfbmV4dF9vcmRlciI6MSwiX2F1dGhfdXNlcl9oYXNoIjoiY2RmNDk2YTdjODQ0ZjhiNmVmM2E1ZGU0NTE4NDQ5YjhlNTNkZTIzZSIsIl9hdXRoX3VzZXJfaWQiOiIyIiwiX2F1dGhfdXNlcl9iYWNrZW5kIjoiYWxsYXV0aC5hY2NvdW50LmF1dGhfYmFja2VuZHMuQXV0aGVudGljYXRpb25CYWNrZW5kIn0=",
        "expire_date": "2016-08-30T00:49:20.778"
    }
},
{
    "model": "sessions.session",
    "pk": "chnab2056114d7f9db69be38ed805859",
    "fields": {
        "session_data": "ODAwMzlkNDUzOWVjY2VmNDMyZWJjMTBmMjgyMDNkNjRmNTk1YjE0NDp7Il9fY2hhbm5lbHNfbmV4dF9vcmRlciI6MSwiX2F1dGhfdXNlcl9oYXNoIjoiY2RmNDk2YTdjODQ0ZjhiNmVmM2E1ZGU0NTE4NDQ5YjhlNTNkZTIzZSIsIl9hdXRoX3VzZXJfaWQiOiIyIiwiX2F1dGhfdXNlcl9iYWNrZW5kIjoiYWxsYXV0aC5hY2NvdW50LmF1dGhfYmFja2VuZHMuQXV0aGVudGljYXRpb25CYWNrZW5kIn0=",
        "expire_date": "2016-08-30T00:47:30.896"
    }
},
{
    "model": "sessions.session",
    "pk": "chnb07a064ea86f8d6c66550f15b6e1b",
    "fields": {
        "session_data": "ODAwMzlkNDUzOWVjY2VmNDMyZWJjMTBmMjgyMDNkNjRmNTk1YjE0NDp7Il9fY2hhbm5lbHNfbmV4dF9vcmRlciI6MSwiX2F1dGhfdXNlcl9oYXNoIjoiY2RmNDk2YTdjODQ0ZjhiNmVmM2E1ZGU0NTE4NDQ5YjhlNTNkZTIzZSIsIl9hdXRoX3VzZXJfaWQiOiIyIiwiX2F1dGhfdXNlcl9iYWNrZW5kIjoiYWxsYXV0aC5hY2NvdW50LmF1dGhfYmFja2VuZHMuQXV0aGVudGljYXRpb25CYWNrZW5kIn0=",
        "expire_date": "2016-08-30T00:39:06.508"
    }
},
{
    "model": "sessions.session",
    "pk": "chnb1a3fe697234b3734203c7db4d54a",
    "fields": {
        "session_data": "ODAwMzlkNDUzOWVjY2VmNDMyZWJjMTBmMjgyMDNkNjRmNTk1YjE0NDp7Il9fY2hhbm5lbHNfbmV4dF9vcmRlciI6MSwiX2F1dGhfdXNlcl9oYXNoIjoiY2RmNDk2YTdjODQ0ZjhiNmVmM2E1ZGU0NTE4NDQ5YjhlNTNkZTIzZSIsIl9hdXRoX3VzZXJfaWQiOiIyIiwiX2F1dGhfdXNlcl9iYWNrZW5kIjoiYWxsYXV0aC5hY2NvdW50LmF1dGhfYmFja2VuZHMuQXV0aGVudGljYXRpb25CYWNrZW5kIn0=",
        "expire_date": "2016-08-30T01:10:14.337"
    }
},
{
    "model": "sessions.session",
    "pk": "chnb1adfa6b1744ceda5ff5fac45364d",
    "fields": {
        "session_data": "ODAwMzlkNDUzOWVjY2VmNDMyZWJjMTBmMjgyMDNkNjRmNTk1YjE0NDp7Il9fY2hhbm5lbHNfbmV4dF9vcmRlciI6MSwiX2F1dGhfdXNlcl9oYXNoIjoiY2RmNDk2YTdjODQ0ZjhiNmVmM2E1ZGU0NTE4NDQ5YjhlNTNkZTIzZSIsIl9hdXRoX3VzZXJfaWQiOiIyIiwiX2F1dGhfdXNlcl9iYWNrZW5kIjoiYWxsYXV0aC5hY2NvdW50LmF1dGhfYmFja2VuZHMuQXV0aGVudGljYXRpb25CYWNrZW5kIn0=",
        "expire_date": "2016-08-30T00:22:24.899"
    }
},
{
    "model": "sessions.session",
    "pk": "chnb42b415d6523eb2f94f4adbd445dd",
    "fields": {
        "session_data": "YjZlOGVlZDhkYjQ4OWZmMjA3Y2VkM2MyYjkyZDIzZjk3N2M0NzI1Mjp7Il9fY2hhbm5lbHNfbmV4dF9vcmRlciI6MSwiX2F1dGhfdXNlcl9oYXNoIjoiMTAxYmNjZTNmMTMwYmE5NDIxZTNhNGVkZjQxMWE0OGI2Y2UyMmE1MCIsIl9hdXRoX3VzZXJfaWQiOiIzIiwiX2F1dGhfdXNlcl9iYWNrZW5kIjoiYWxsYXV0aC5hY2NvdW50LmF1dGhfYmFja2VuZHMuQXV0aGVudGljYXRpb25CYWNrZW5kIn0=",
        "expire_date": "2016-08-29T15:41:16.193"
    }
},
{
    "model": "sessions.session",
    "pk": "chnb4605f3ced16fa6bc70abf33bfb89",
    "fields": {
        "session_data": "YjZlOGVlZDhkYjQ4OWZmMjA3Y2VkM2MyYjkyZDIzZjk3N2M0NzI1Mjp7Il9fY2hhbm5lbHNfbmV4dF9vcmRlciI6MSwiX2F1dGhfdXNlcl9oYXNoIjoiMTAxYmNjZTNmMTMwYmE5NDIxZTNhNGVkZjQxMWE0OGI2Y2UyMmE1MCIsIl9hdXRoX3VzZXJfaWQiOiIzIiwiX2F1dGhfdXNlcl9iYWNrZW5kIjoiYWxsYXV0aC5hY2NvdW50LmF1dGhfYmFja2VuZHMuQXV0aGVudGljYXRpb25CYWNrZW5kIn0=",
        "expire_date": "2016-08-29T15:26:13.424"
    }
},
{
    "model": "sessions.session",
    "pk": "chnba6914fbb852bb5ee5738e94642b5",
    "fields": {
        "session_data": "ODAwMzlkNDUzOWVjY2VmNDMyZWJjMTBmMjgyMDNkNjRmNTk1YjE0NDp7Il9fY2hhbm5lbHNfbmV4dF9vcmRlciI6MSwiX2F1dGhfdXNlcl9oYXNoIjoiY2RmNDk2YTdjODQ0ZjhiNmVmM2E1ZGU0NTE4NDQ5YjhlNTNkZTIzZSIsIl9hdXRoX3VzZXJfaWQiOiIyIiwiX2F1dGhfdXNlcl9iYWNrZW5kIjoiYWxsYXV0aC5hY2NvdW50LmF1dGhfYmFja2VuZHMuQXV0aGVudGljYXRpb25CYWNrZW5kIn0=",
        "expire_date": "2016-08-30T00:19:35.344"
    }
},
{
    "model": "sessions.session",
    "pk": "chnc16bd4e451f8007d34eaa7a6a172d",
    "fields": {
        "session_data": "ODAwMzlkNDUzOWVjY2VmNDMyZWJjMTBmMjgyMDNkNjRmNTk1YjE0NDp7Il9fY2hhbm5lbHNfbmV4dF9vcmRlciI6MSwiX2F1dGhfdXNlcl9oYXNoIjoiY2RmNDk2YTdjODQ0ZjhiNmVmM2E1ZGU0NTE4NDQ5YjhlNTNkZTIzZSIsIl9hdXRoX3VzZXJfaWQiOiIyIiwiX2F1dGhfdXNlcl9iYWNrZW5kIjoiYWxsYXV0aC5hY2NvdW50LmF1dGhfYmFja2VuZHMuQXV0aGVudGljYXRpb25CYWNrZW5kIn0=",
        "expire_date": "2016-08-30T00:06:22.600"
    }
},
{
    "model": "sessions.session",
    "pk": "chnc4c95d7321ae76036e227170cefa8",
    "fields": {
        "session_data": "YzJjNGUzNTQyY2Y5YTE1YmYxYTUxMWIyZmFmZWI1MmY3ZmUyZThkNDp7Il9fY2hhbm5lbHNfbmV4dF9vcmRlciI6MX0=",
        "expire_date": "2016-08-29T17:56:44.930"
    }
},
{
    "model": "sessions.session",
    "pk": "chncac4288f608c6690e4df9227ea46b",
    "fields": {
        "session_data": "YzJjNGUzNTQyY2Y5YTE1YmYxYTUxMWIyZmFmZWI1MmY3ZmUyZThkNDp7Il9fY2hhbm5lbHNfbmV4dF9vcmRlciI6MX0=",
        "expire_date": "2016-08-29T17:01:41.808"
    }
},
{
    "model": "sessions.session",
    "pk": "chncb59c2ba6d0301a519247625782d3",
    "fields": {
        "session_data": "ODAwMzlkNDUzOWVjY2VmNDMyZWJjMTBmMjgyMDNkNjRmNTk1YjE0NDp7Il9fY2hhbm5lbHNfbmV4dF9vcmRlciI6MSwiX2F1dGhfdXNlcl9oYXNoIjoiY2RmNDk2YTdjODQ0ZjhiNmVmM2E1ZGU0NTE4NDQ5YjhlNTNkZTIzZSIsIl9hdXRoX3VzZXJfaWQiOiIyIiwiX2F1dGhfdXNlcl9iYWNrZW5kIjoiYWxsYXV0aC5hY2NvdW50LmF1dGhfYmFja2VuZHMuQXV0aGVudGljYXRpb25CYWNrZW5kIn0=",
        "expire_date": "2016-08-30T00:19:37.897"
    }
},
{
    "model": "sessions.session",
    "pk": "chncd2b64518fb4b6cbf9c8ef4ea4b25",
    "fields": {
        "session_data": "ODAwMzlkNDUzOWVjY2VmNDMyZWJjMTBmMjgyMDNkNjRmNTk1YjE0NDp7Il9fY2hhbm5lbHNfbmV4dF9vcmRlciI6MSwiX2F1dGhfdXNlcl9oYXNoIjoiY2RmNDk2YTdjODQ0ZjhiNmVmM2E1ZGU0NTE4NDQ5YjhlNTNkZTIzZSIsIl9hdXRoX3VzZXJfaWQiOiIyIiwiX2F1dGhfdXNlcl9iYWNrZW5kIjoiYWxsYXV0aC5hY2NvdW50LmF1dGhfYmFja2VuZHMuQXV0aGVudGljYXRpb25CYWNrZW5kIn0=",
        "expire_date": "2016-08-30T00:20:10.217"
    }
},
{
    "model": "sessions.session",
    "pk": "chnd0b7dad22777a5c035595d8bdbbf6",
    "fields": {
        "session_data": "ODAwMzlkNDUzOWVjY2VmNDMyZWJjMTBmMjgyMDNkNjRmNTk1YjE0NDp7Il9fY2hhbm5lbHNfbmV4dF9vcmRlciI6MSwiX2F1dGhfdXNlcl9oYXNoIjoiY2RmNDk2YTdjODQ0ZjhiNmVmM2E1ZGU0NTE4NDQ5YjhlNTNkZTIzZSIsIl9hdXRoX3VzZXJfaWQiOiIyIiwiX2F1dGhfdXNlcl9iYWNrZW5kIjoiYWxsYXV0aC5hY2NvdW50LmF1dGhfYmFja2VuZHMuQXV0aGVudGljYXRpb25CYWNrZW5kIn0=",
        "expire_date": "2016-08-30T00:41:03.640"
    }
},
{
    "model": "sessions.session",
    "pk": "chnd1f0bcbd367f54ce7df7f8a9ff744",
    "fields": {
        "session_data": "ODAwMzlkNDUzOWVjY2VmNDMyZWJjMTBmMjgyMDNkNjRmNTk1YjE0NDp7Il9fY2hhbm5lbHNfbmV4dF9vcmRlciI6MSwiX2F1dGhfdXNlcl9oYXNoIjoiY2RmNDk2YTdjODQ0ZjhiNmVmM2E1ZGU0NTE4NDQ5YjhlNTNkZTIzZSIsIl9hdXRoX3VzZXJfaWQiOiIyIiwiX2F1dGhfdXNlcl9iYWNrZW5kIjoiYWxsYXV0aC5hY2NvdW50LmF1dGhfYmFja2VuZHMuQXV0aGVudGljYXRpb25CYWNrZW5kIn0=",
        "expire_date": "2016-08-30T00:23:05.412"
    }
},
{
    "model": "sessions.session",
    "pk": "chnd1fa8419a65fd1ffe01892048046f",
    "fields": {
        "session_data": "ODAwMzlkNDUzOWVjY2VmNDMyZWJjMTBmMjgyMDNkNjRmNTk1YjE0NDp7Il9fY2hhbm5lbHNfbmV4dF9vcmRlciI6MSwiX2F1dGhfdXNlcl9oYXNoIjoiY2RmNDk2YTdjODQ0ZjhiNmVmM2E1ZGU0NTE4NDQ5YjhlNTNkZTIzZSIsIl9hdXRoX3VzZXJfaWQiOiIyIiwiX2F1dGhfdXNlcl9iYWNrZW5kIjoiYWxsYXV0aC5hY2NvdW50LmF1dGhfYmFja2VuZHMuQXV0aGVudGljYXRpb25CYWNrZW5kIn0=",
        "expire_date": "2016-08-30T00:08:17.317"
    }
},
{
    "model": "sessions.session",
    "pk": "chnd283769116efed6bd8399b767d499",
    "fields": {
        "session_data": "ODAwMzlkNDUzOWVjY2VmNDMyZWJjMTBmMjgyMDNkNjRmNTk1YjE0NDp7Il9fY2hhbm5lbHNfbmV4dF9vcmRlciI6MSwiX2F1dGhfdXNlcl9oYXNoIjoiY2RmNDk2YTdjODQ0ZjhiNmVmM2E1ZGU0NTE4NDQ5YjhlNTNkZTIzZSIsIl9hdXRoX3VzZXJfaWQiOiIyIiwiX2F1dGhfdXNlcl9iYWNrZW5kIjoiYWxsYXV0aC5hY2NvdW50LmF1dGhfYmFja2VuZHMuQXV0aGVudGljYXRpb25CYWNrZW5kIn0=",
        "expire_date": "2016-08-30T00:19:39.287"
    }
},
{
    "model": "sessions.session",
    "pk": "chnd51efcd916c7558847aa9208b5e8d",
    "fields": {
        "session_data": "ODAwMzlkNDUzOWVjY2VmNDMyZWJjMTBmMjgyMDNkNjRmNTk1YjE0NDp7Il9fY2hhbm5lbHNfbmV4dF9vcmRlciI6MSwiX2F1dGhfdXNlcl9oYXNoIjoiY2RmNDk2YTdjODQ0ZjhiNmVmM2E1ZGU0NTE4NDQ5YjhlNTNkZTIzZSIsIl9hdXRoX3VzZXJfaWQiOiIyIiwiX2F1dGhfdXNlcl9iYWNrZW5kIjoiYWxsYXV0aC5hY2NvdW50LmF1dGhfYmFja2VuZHMuQXV0aGVudGljYXRpb25CYWNrZW5kIn0=",
        "expire_date": "2016-08-30T00:14:45.771"
    }
},
{
    "model": "sessions.session",
    "pk": "chnd7bc8d0430072da5ea39a7493cddb",
    "fields": {
        "session_data": "ODAwMzlkNDUzOWVjY2VmNDMyZWJjMTBmMjgyMDNkNjRmNTk1YjE0NDp7Il9fY2hhbm5lbHNfbmV4dF9vcmRlciI6MSwiX2F1dGhfdXNlcl9oYXNoIjoiY2RmNDk2YTdjODQ0ZjhiNmVmM2E1ZGU0NTE4NDQ5YjhlNTNkZTIzZSIsIl9hdXRoX3VzZXJfaWQiOiIyIiwiX2F1dGhfdXNlcl9iYWNrZW5kIjoiYWxsYXV0aC5hY2NvdW50LmF1dGhfYmFja2VuZHMuQXV0aGVudGljYXRpb25CYWNrZW5kIn0=",
        "expire_date": "2016-08-30T00:40:52.833"
    }
},
{
    "model": "sessions.session",
    "pk": "chnd9120dfd5c7cd930152e2778edc36",
    "fields": {
        "session_data": "ODAwMzlkNDUzOWVjY2VmNDMyZWJjMTBmMjgyMDNkNjRmNTk1YjE0NDp7Il9fY2hhbm5lbHNfbmV4dF9vcmRlciI6MSwiX2F1dGhfdXNlcl9oYXNoIjoiY2RmNDk2YTdjODQ0ZjhiNmVmM2E1ZGU0NTE4NDQ5YjhlNTNkZTIzZSIsIl9hdXRoX3VzZXJfaWQiOiIyIiwiX2F1dGhfdXNlcl9iYWNrZW5kIjoiYWxsYXV0aC5hY2NvdW50LmF1dGhfYmFja2VuZHMuQXV0aGVudGljYXRpb25CYWNrZW5kIn0=",
        "expire_date": "2016-08-30T00:23:29.948"
    }
},
{
    "model": "sessions.session",
    "pk": "chndd4896c631da61cb19b07d75c9801",
    "fields": {
        "session_data": "ODAwMzlkNDUzOWVjY2VmNDMyZWJjMTBmMjgyMDNkNjRmNTk1YjE0NDp7Il9fY2hhbm5lbHNfbmV4dF9vcmRlciI6MSwiX2F1dGhfdXNlcl9oYXNoIjoiY2RmNDk2YTdjODQ0ZjhiNmVmM2E1ZGU0NTE4NDQ5YjhlNTNkZTIzZSIsIl9hdXRoX3VzZXJfaWQiOiIyIiwiX2F1dGhfdXNlcl9iYWNrZW5kIjoiYWxsYXV0aC5hY2NvdW50LmF1dGhfYmFja2VuZHMuQXV0aGVudGljYXRpb25CYWNrZW5kIn0=",
        "expire_date": "2016-08-29T16:04:53.693"
    }
},
{
    "model": "sessions.session",
    "pk": "chne1cc71a435bf7b13b1f5c81cea20e",
    "fields": {
        "session_data": "ODAwMzlkNDUzOWVjY2VmNDMyZWJjMTBmMjgyMDNkNjRmNTk1YjE0NDp7Il9fY2hhbm5lbHNfbmV4dF9vcmRlciI6MSwiX2F1dGhfdXNlcl9oYXNoIjoiY2RmNDk2YTdjODQ0ZjhiNmVmM2E1ZGU0NTE4NDQ5YjhlNTNkZTIzZSIsIl9hdXRoX3VzZXJfaWQiOiIyIiwiX2F1dGhfdXNlcl9iYWNrZW5kIjoiYWxsYXV0aC5hY2NvdW50LmF1dGhfYmFja2VuZHMuQXV0aGVudGljYXRpb25CYWNrZW5kIn0=",
        "expire_date": "2016-08-30T00:39:36.977"
    }
},
{
    "model": "sessions.session",
    "pk": "chne4537325fd3c35d0722c3499a5994",
    "fields": {
        "session_data": "ODAwMzlkNDUzOWVjY2VmNDMyZWJjMTBmMjgyMDNkNjRmNTk1YjE0NDp7Il9fY2hhbm5lbHNfbmV4dF9vcmRlciI6MSwiX2F1dGhfdXNlcl9oYXNoIjoiY2RmNDk2YTdjODQ0ZjhiNmVmM2E1ZGU0NTE4NDQ5YjhlNTNkZTIzZSIsIl9hdXRoX3VzZXJfaWQiOiIyIiwiX2F1dGhfdXNlcl9iYWNrZW5kIjoiYWxsYXV0aC5hY2NvdW50LmF1dGhfYmFja2VuZHMuQXV0aGVudGljYXRpb25CYWNrZW5kIn0=",
        "expire_date": "2016-08-30T00:06:33.931"
    }
},
{
    "model": "sessions.session",
    "pk": "chne4e330634bf8809e322ef07f87962",
    "fields": {
        "session_data": "ODAwMzlkNDUzOWVjY2VmNDMyZWJjMTBmMjgyMDNkNjRmNTk1YjE0NDp7Il9fY2hhbm5lbHNfbmV4dF9vcmRlciI6MSwiX2F1dGhfdXNlcl9oYXNoIjoiY2RmNDk2YTdjODQ0ZjhiNmVmM2E1ZGU0NTE4NDQ5YjhlNTNkZTIzZSIsIl9hdXRoX3VzZXJfaWQiOiIyIiwiX2F1dGhfdXNlcl9iYWNrZW5kIjoiYWxsYXV0aC5hY2NvdW50LmF1dGhfYmFja2VuZHMuQXV0aGVudGljYXRpb25CYWNrZW5kIn0=",
        "expire_date": "2016-08-30T00:19:31.800"
    }
},
{
    "model": "sessions.session",
    "pk": "chne8f76ee40ada662b6444095af6931",
    "fields": {
        "session_data": "ODAwMzlkNDUzOWVjY2VmNDMyZWJjMTBmMjgyMDNkNjRmNTk1YjE0NDp7Il9fY2hhbm5lbHNfbmV4dF9vcmRlciI6MSwiX2F1dGhfdXNlcl9oYXNoIjoiY2RmNDk2YTdjODQ0ZjhiNmVmM2E1ZGU0NTE4NDQ5YjhlNTNkZTIzZSIsIl9hdXRoX3VzZXJfaWQiOiIyIiwiX2F1dGhfdXNlcl9iYWNrZW5kIjoiYWxsYXV0aC5hY2NvdW50LmF1dGhfYmFja2VuZHMuQXV0aGVudGljYXRpb25CYWNrZW5kIn0=",
        "expire_date": "2016-08-30T01:18:08.331"
    }
},
{
    "model": "sessions.session",
    "pk": "chneb06d366b396403ce60673296871e",
    "fields": {
        "session_data": "ODAwMzlkNDUzOWVjY2VmNDMyZWJjMTBmMjgyMDNkNjRmNTk1YjE0NDp7Il9fY2hhbm5lbHNfbmV4dF9vcmRlciI6MSwiX2F1dGhfdXNlcl9oYXNoIjoiY2RmNDk2YTdjODQ0ZjhiNmVmM2E1ZGU0NTE4NDQ5YjhlNTNkZTIzZSIsIl9hdXRoX3VzZXJfaWQiOiIyIiwiX2F1dGhfdXNlcl9iYWNrZW5kIjoiYWxsYXV0aC5hY2NvdW50LmF1dGhfYmFja2VuZHMuQXV0aGVudGljYXRpb25CYWNrZW5kIn0=",
        "expire_date": "2016-08-30T00:19:47.919"
    }
},
{
    "model": "sessions.session",
    "pk": "chneb2512e227725995bc02dee4b775d",
    "fields": {
        "session_data": "ODAwMzlkNDUzOWVjY2VmNDMyZWJjMTBmMjgyMDNkNjRmNTk1YjE0NDp7Il9fY2hhbm5lbHNfbmV4dF9vcmRlciI6MSwiX2F1dGhfdXNlcl9oYXNoIjoiY2RmNDk2YTdjODQ0ZjhiNmVmM2E1ZGU0NTE4NDQ5YjhlNTNkZTIzZSIsIl9hdXRoX3VzZXJfaWQiOiIyIiwiX2F1dGhfdXNlcl9iYWNrZW5kIjoiYWxsYXV0aC5hY2NvdW50LmF1dGhfYmFja2VuZHMuQXV0aGVudGljYXRpb25CYWNrZW5kIn0=",
        "expire_date": "2016-08-29T16:44:09.818"
    }
},
{
    "model": "sessions.session",
    "pk": "chnf156e456550257261aa90c84b8fa0",
    "fields": {
        "session_data": "MjA2MzBkMTI3N2NhNjM5YWJkMWFkZjI1NDg5NzY3NDNhY2U4YzU3Njp7Il9fY2hhbm5lbHNfbmV4dF9vcmRlciI6NywiX2F1dGhfdXNlcl9oYXNoIjoiMTAxYmNjZTNmMTMwYmE5NDIxZTNhNGVkZjQxMWE0OGI2Y2UyMmE1MCIsIl9hdXRoX3VzZXJfaWQiOiIzIiwiX2F1dGhfdXNlcl9iYWNrZW5kIjoiYWxsYXV0aC5hY2NvdW50LmF1dGhfYmFja2VuZHMuQXV0aGVudGljYXRpb25CYWNrZW5kIn0=",
        "expire_date": "2016-08-29T15:30:08.784"
    }
},
{
    "model": "sessions.session",
    "pk": "chnf4961b7a0348022c4450f5fbaefc6",
    "fields": {
        "session_data": "YzJjNGUzNTQyY2Y5YTE1YmYxYTUxMWIyZmFmZWI1MmY3ZmUyZThkNDp7Il9fY2hhbm5lbHNfbmV4dF9vcmRlciI6MX0=",
        "expire_date": "2016-08-29T17:01:38.812"
    }
},
{
    "model": "sessions.session",
    "pk": "chnf4e4cc0c313073df85a15f6940fe2",
    "fields": {
        "session_data": "ODAwMzlkNDUzOWVjY2VmNDMyZWJjMTBmMjgyMDNkNjRmNTk1YjE0NDp7Il9fY2hhbm5lbHNfbmV4dF9vcmRlciI6MSwiX2F1dGhfdXNlcl9oYXNoIjoiY2RmNDk2YTdjODQ0ZjhiNmVmM2E1ZGU0NTE4NDQ5YjhlNTNkZTIzZSIsIl9hdXRoX3VzZXJfaWQiOiIyIiwiX2F1dGhfdXNlcl9iYWNrZW5kIjoiYWxsYXV0aC5hY2NvdW50LmF1dGhfYmFja2VuZHMuQXV0aGVudGljYXRpb25CYWNrZW5kIn0=",
        "expire_date": "2016-08-30T00:47:21.366"
    }
},
{
    "model": "sessions.session",
    "pk": "chnf568f954a6e7d19706beead1fdca9",
    "fields": {
        "session_data": "ODAwMzlkNDUzOWVjY2VmNDMyZWJjMTBmMjgyMDNkNjRmNTk1YjE0NDp7Il9fY2hhbm5lbHNfbmV4dF9vcmRlciI6MSwiX2F1dGhfdXNlcl9oYXNoIjoiY2RmNDk2YTdjODQ0ZjhiNmVmM2E1ZGU0NTE4NDQ5YjhlNTNkZTIzZSIsIl9hdXRoX3VzZXJfaWQiOiIyIiwiX2F1dGhfdXNlcl9iYWNrZW5kIjoiYWxsYXV0aC5hY2NvdW50LmF1dGhfYmFja2VuZHMuQXV0aGVudGljYXRpb25CYWNrZW5kIn0=",
        "expire_date": "2016-08-30T00:18:38.518"
    }
},
{
    "model": "sessions.session",
    "pk": "chnf60b270bdbdad469832d5d3e6dcbf",
    "fields": {
        "session_data": "ODAwMzlkNDUzOWVjY2VmNDMyZWJjMTBmMjgyMDNkNjRmNTk1YjE0NDp7Il9fY2hhbm5lbHNfbmV4dF9vcmRlciI6MSwiX2F1dGhfdXNlcl9oYXNoIjoiY2RmNDk2YTdjODQ0ZjhiNmVmM2E1ZGU0NTE4NDQ5YjhlNTNkZTIzZSIsIl9hdXRoX3VzZXJfaWQiOiIyIiwiX2F1dGhfdXNlcl9iYWNrZW5kIjoiYWxsYXV0aC5hY2NvdW50LmF1dGhfYmFja2VuZHMuQXV0aGVudGljYXRpb25CYWNrZW5kIn0=",
        "expire_date": "2016-08-30T00:39:39.324"
    }
},
{
    "model": "sessions.session",
    "pk": "chnf7ebe7c67f7c50047bdae150181e1",
    "fields": {
        "session_data": "ODAwMzlkNDUzOWVjY2VmNDMyZWJjMTBmMjgyMDNkNjRmNTk1YjE0NDp7Il9fY2hhbm5lbHNfbmV4dF9vcmRlciI6MSwiX2F1dGhfdXNlcl9oYXNoIjoiY2RmNDk2YTdjODQ0ZjhiNmVmM2E1ZGU0NTE4NDQ5YjhlNTNkZTIzZSIsIl9hdXRoX3VzZXJfaWQiOiIyIiwiX2F1dGhfdXNlcl9iYWNrZW5kIjoiYWxsYXV0aC5hY2NvdW50LmF1dGhfYmFja2VuZHMuQXV0aGVudGljYXRpb25CYWNrZW5kIn0=",
        "expire_date": "2016-08-30T00:50:13.814"
    }
},
{
    "model": "sessions.session",
    "pk": "chnf818b717475d0a525106bff03f47f",
    "fields": {
        "session_data": "ODAwMzlkNDUzOWVjY2VmNDMyZWJjMTBmMjgyMDNkNjRmNTk1YjE0NDp7Il9fY2hhbm5lbHNfbmV4dF9vcmRlciI6MSwiX2F1dGhfdXNlcl9oYXNoIjoiY2RmNDk2YTdjODQ0ZjhiNmVmM2E1ZGU0NTE4NDQ5YjhlNTNkZTIzZSIsIl9hdXRoX3VzZXJfaWQiOiIyIiwiX2F1dGhfdXNlcl9iYWNrZW5kIjoiYWxsYXV0aC5hY2NvdW50LmF1dGhfYmFja2VuZHMuQXV0aGVudGljYXRpb25CYWNrZW5kIn0=",
        "expire_date": "2016-08-30T00:51:21.248"
    }
},
{
    "model": "sessions.session",
    "pk": "chnfb94b6c77722865e90d4944a9a9ca",
    "fields": {
        "session_data": "ODAwMzlkNDUzOWVjY2VmNDMyZWJjMTBmMjgyMDNkNjRmNTk1YjE0NDp7Il9fY2hhbm5lbHNfbmV4dF9vcmRlciI6MSwiX2F1dGhfdXNlcl9oYXNoIjoiY2RmNDk2YTdjODQ0ZjhiNmVmM2E1ZGU0NTE4NDQ5YjhlNTNkZTIzZSIsIl9hdXRoX3VzZXJfaWQiOiIyIiwiX2F1dGhfdXNlcl9iYWNrZW5kIjoiYWxsYXV0aC5hY2NvdW50LmF1dGhfYmFja2VuZHMuQXV0aGVudGljYXRpb25CYWNrZW5kIn0=",
        "expire_date": "2016-08-30T00:08:15.670"
    }
},
{
    "model": "sessions.session",
    "pk": "chnfc150ca19e5d1474cbba46a480ce0",
    "fields": {
        "session_data": "ODAwMzlkNDUzOWVjY2VmNDMyZWJjMTBmMjgyMDNkNjRmNTk1YjE0NDp7Il9fY2hhbm5lbHNfbmV4dF9vcmRlciI6MSwiX2F1dGhfdXNlcl9oYXNoIjoiY2RmNDk2YTdjODQ0ZjhiNmVmM2E1ZGU0NTE4NDQ5YjhlNTNkZTIzZSIsIl9hdXRoX3VzZXJfaWQiOiIyIiwiX2F1dGhfdXNlcl9iYWNrZW5kIjoiYWxsYXV0aC5hY2NvdW50LmF1dGhfYmFja2VuZHMuQXV0aGVudGljYXRpb25CYWNrZW5kIn0=",
        "expire_date": "2016-08-30T02:05:18.223"
    }
},
{
    "model": "sessions.session",
    "pk": "chnfc34b98ee52f14f9da3a3dca554ac",
    "fields": {
        "session_data": "ODAwMzlkNDUzOWVjY2VmNDMyZWJjMTBmMjgyMDNkNjRmNTk1YjE0NDp7Il9fY2hhbm5lbHNfbmV4dF9vcmRlciI6MSwiX2F1dGhfdXNlcl9oYXNoIjoiY2RmNDk2YTdjODQ0ZjhiNmVmM2E1ZGU0NTE4NDQ5YjhlNTNkZTIzZSIsIl9hdXRoX3VzZXJfaWQiOiIyIiwiX2F1dGhfdXNlcl9iYWNrZW5kIjoiYWxsYXV0aC5hY2NvdW50LmF1dGhfYmFja2VuZHMuQXV0aGVudGljYXRpb25CYWNrZW5kIn0=",
        "expire_date": "2016-08-30T00:16:37.017"
    }
},
{
    "model": "sessions.session",
    "pk": "chnfcc041af31274bc28efc5dc9072ae",
    "fields": {
        "session_data": "ODAwMzlkNDUzOWVjY2VmNDMyZWJjMTBmMjgyMDNkNjRmNTk1YjE0NDp7Il9fY2hhbm5lbHNfbmV4dF9vcmRlciI6MSwiX2F1dGhfdXNlcl9oYXNoIjoiY2RmNDk2YTdjODQ0ZjhiNmVmM2E1ZGU0NTE4NDQ5YjhlNTNkZTIzZSIsIl9hdXRoX3VzZXJfaWQiOiIyIiwiX2F1dGhfdXNlcl9iYWNrZW5kIjoiYWxsYXV0aC5hY2NvdW50LmF1dGhfYmFja2VuZHMuQXV0aGVudGljYXRpb25CYWNrZW5kIn0=",
        "expire_date": "2016-08-30T00:50:30.440"
    }
},
{
    "model": "sessions.session",
    "pk": "fv7ulv8byed01b37nntky4onfo2vxc9m",
    "fields": {
        "session_data": "YWRmMDBlNjQ0MDFlMDQxYzY3YTE1Yzg3MDI3OTJkMDBkOTMxYTQyNDp7Il9zZXNzaW9uX2V4cGlyeSI6MCwiX2F1dGhfdXNlcl9oYXNoIjoiY2RmNDk2YTdjODQ0ZjhiNmVmM2E1ZGU0NTE4NDQ5YjhlNTNkZTIzZSIsIl9tZXNzYWdlcyI6IltbXCJfX2pzb25fbWVzc2FnZVwiLDAsMjUsXCJQYXNzd29yZCBzdWNjZXNzZnVsbHkgY2hhbmdlZC5cIl0sW1wiX19qc29uX21lc3NhZ2VcIiwwLDI1LFwiUGFzc3dvcmQgc3VjY2Vzc2Z1bGx5IGNoYW5nZWQuXCJdLFtcIl9fanNvbl9tZXNzYWdlXCIsMCwyMCxcIkNvbmZpcm1hdGlvbiBlLW1haWwgc2VudCB0byBtaWtlQHZlYi5jby5uei5cIl0sW1wiX19qc29uX21lc3NhZ2VcIiwwLDI1LFwiWW91IGhhdmUgY29uZmlybWVkIG1pa2VAdmViLmNvLm56LlwiXSxbXCJfX2pzb25fbWVzc2FnZVwiLDAsMjUsXCJTdWNjZXNzZnVsbHkgc2lnbmVkIGluIGFzIHZlYi5cIl0sW1wiX19qc29uX21lc3NhZ2VcIiwwLDI1LFwiVGhlIGpvYiBcXFwiV29yZHByZXNzIFBsdWdpbiBoZWxwXFxcIiB3YXMgY2hhbmdlZCBzdWNjZXNzZnVsbHkuXCJdXSIsIl9hdXRoX3VzZXJfaWQiOiIyIiwiX2F1dGhfdXNlcl9iYWNrZW5kIjoiYWxsYXV0aC5hY2NvdW50LmF1dGhfYmFja2VuZHMuQXV0aGVudGljYXRpb25CYWNrZW5kIn0=",
        "expire_date": "2016-08-30T02:05:36.918"
    }
},
{
    "model": "sessions.session",
    "pk": "rwvwlj2cvgbv6jit5f1lklambx76fvd3",
    "fields": {
        "session_data": "ZmMxNzMzZDA3NjIwMjRhMTRhOGI4YzRiOWFkMTdjNDFmMjU4Y2QwOTp7ImFjY291bnRfdXNlciI6IjIiLCJfbWVzc2FnZXMiOiJbW1wiX19qc29uX21lc3NhZ2VcIiwwLDIwLFwiQ29uZmlybWF0aW9uIGUtbWFpbCBzZW50IHRvIG1pa2VAdmViLmNvLm56LlwiXV0iLCJhY2NvdW50X3ZlcmlmaWVkX2VtYWlsIjpudWxsfQ==",
        "expire_date": "2016-08-26T04:46:17.671"
    }
},
{
    "model": "sessions.session",
    "pk": "tdfl99o0ug1x0i83bnpd7ndqjuy3naz0",
    "fields": {
        "session_data": "MDFmMmZhYWQyMmMxYjFlOTJlNjhmNDcxZjRlYmFjNTk1ZTFlOWY4Mjp7Il9hdXRoX3VzZXJfaWQiOiIzIiwiYWNjb3VudF91c2VyIjoiMyIsIl9hdXRoX3VzZXJfYmFja2VuZCI6ImFsbGF1dGguYWNjb3VudC5hdXRoX2JhY2tlbmRzLkF1dGhlbnRpY2F0aW9uQmFja2VuZCIsIl9zZXNzaW9uX2V4cGlyeSI6MTIwOTYwMCwiYWNjb3VudF92ZXJpZmllZF9lbWFpbCI6bnVsbCwiX2F1dGhfdXNlcl9oYXNoIjoiMTAxYmNjZTNmMTMwYmE5NDIxZTNhNGVkZjQxMWE0OGI2Y2UyMmE1MCJ9",
        "expire_date": "2016-08-29T14:59:14.660"
    }
},
{
    "model": "sessions.session",
    "pk": "watsbht37aealh2hn5idn63cu5zwd93u",
    "fields": {
        "session_data": "MDZmODI1MTQ4N2QwNGNkOGNmMWVkNTY4NzU2NWI4MDllMDJkZTIxNTp7fQ==",
        "expire_date": "2016-08-29T13:41:24.222"
    }
},
{
    "model": "sites.site",
    "pk": 1,
    "fields": {
        "domain": "oddit.co.nz",
        "name": "OddIT"
    }
},
{
    "model": "tagging.tag",
    "pk": 1,
    "fields": {
        "name": "js"
    }
},
{
    "model": "tagging.tag",
    "pk": 2,
    "fields": {
        "name": "python"
    }
},
{
    "model": "tagging.taggeditem",
    "pk": 1,
    "fields": {
        "tag": 1,
        "content_type": 15,
        "object_id": 1
    }
},
{
    "model": "tagging.taggeditem",
    "pk": 2,
    "fields": {
        "tag": 2,
        "content_type": 15,
        "object_id": 1
    }
},
{
    "model": "job.region",
    "pk": 1,
    "fields": {
        "name": "Northland"
    }
},
{
    "model": "job.region",
    "pk": 2,
    "fields": {
        "name": "Auckland"
    }
},
{
    "model": "job.region",
    "pk": 3,
    "fields": {
        "name": "Waikato"
    }
},
{
    "model": "job.region",
    "pk": 4,
    "fields": {
        "name": "Bay of Plenty"
    }
},
{
    "model": "job.region",
    "pk": 5,
    "fields": {
        "name": "Gisborne"
    }
},
{
    "model": "job.region",
    "pk": 6,
    "fields": {
        "name": "Hawke's Bay"
    }
},
{
    "model": "job.region",
    "pk": 7,
    "fields": {
        "name": "Taranaki"
    }
},
{
    "model": "job.region",
    "pk": 8,
    "fields": {
        "name": "Manuwatu-Wanganui"
    }
},
{
    "model": "job.region",
    "pk": 9,
    "fields": {
        "name": "Wellington"
    }
},
{
    "model": "job.region",
    "pk": 10,
    "fields": {
        "name": "Tasman"
    }
},
{
    "model": "job.region",
    "pk": 11,
    "fields": {
        "name": "Nelson"
    }
},
{
    "model": "job.region",
    "pk": 12,
    "fields": {
        "name": "Marlborough"
    }
},
{
    "model": "job.region",
    "pk": 13,
    "fields": {
        "name": "West Coast"
    }
},
{
    "model": "job.region",
    "pk": 14,
    "fields": {
        "name": "Canterbury"
    }
},
{
    "model": "job.region",
    "pk": 15,
    "fields": {
        "name": "Otago"
    }
},
{
    "model": "job.region",
    "pk": 16,
    "fields": {
        "name": "Southland"
    }
},
{
    "model": "job.city",
    "pk": 2,
    "fields": {
        "name": "Whangarei",
        "region": 1
    }
},
{
    "model": "job.city",
    "pk": 3,
    "fields": {
        "name": "Kaitaia",
        "region": 1
    }
},
{
    "model": "job.city",
    "pk": 4,
    "fields": {
        "name": "Rest of Northland",
        "region": 1
    }
},
{
    "model": "job.city",
    "pk": 5,
    "fields": {
        "name": "Auckland Central",
        "region": 2
    }
},
{
    "model": "job.city",
    "pk": 6,
    "fields": {
        "name": "Manakau\\East Auckland",
        "region": 2
    }
},
{
    "model": "job.city",
    "pk": 7,
    "fields": {
        "name": "Papakura\\Franklin",
        "region": 2
    }
},
{
    "model": "job.city",
    "pk": 8,
    "fields": {
        "name": "Rodney\\North Shore",
        "region": 2
    }
},
{
    "model": "job.city",
    "pk": 9,
    "fields": {
        "name": "Waitakere\\West Auckland",
        "region": 2
    }
},
{
    "model": "job.city",
    "pk": 10,
    "fields": {
        "name": "Hamilton",
        "region": 3
    }
},
{
    "model": "job.city",
    "pk": 11,
    "fields": {
        "name": "Taupo",
        "region": 3
    }
},
{
    "model": "job.city",
    "pk": 12,
    "fields": {
        "name": "Theme\\Coromandel",
        "region": 3
    }
},
{
    "model": "job.city",
    "pk": 13,
    "fields": {
        "name": "Rest of Waikato",
        "region": 3
    }
},
{
    "model": "job.city",
    "pk": 14,
    "fields": {
        "name": "Rotorua",
        "region": 4
    }
},
{
    "model": "job.city",
    "pk": 15,
    "fields": {
        "name": "Tauranga",
        "region": 4
    }
},
{
    "model": "job.city",
    "pk": 16,
    "fields": {
        "name": "Rest of BOP",
        "region": 4
    }
},
{
    "model": "job.city",
    "pk": 17,
    "fields": {
        "name": "Gisborne",
        "region": 5
    }
},
{
    "model": "job.city",
    "pk": 18,
    "fields": {
        "name": "Rest of Gisborne",
        "region": 5
    }
},
{
    "model": "job.city",
    "pk": 19,
    "fields": {
        "name": "Hastings",
        "region": 6
    }
},
{
    "model": "job.city",
    "pk": 20,
    "fields": {
        "name": "Napier",
        "region": 6
    }
},
{
    "model": "job.city",
    "pk": 21,
    "fields": {
        "name": "Rest of Hawke's Bay",
        "region": 6
    }
},
{
    "model": "job.city",
    "pk": 22,
    "fields": {
        "name": "New Plymouth",
        "region": 7
    }
},
{
    "model": "job.city",
    "pk": 23,
    "fields": {
        "name": "Rest of Taranaki",
        "region": 7
    }
},
{
    "model": "job.city",
    "pk": 24,
    "fields": {
        "name": "Palmerston North",
        "region": 8
    }
},
{
    "model": "job.city",
    "pk": 25,
    "fields": {
        "name": "Wanganui",
        "region": 8
    }
},
{
    "model": "job.city",
    "pk": 26,
    "fields": {
        "name": "Rest of Manawatu-Wanganui",
        "region": 8
    }
},
{
    "model": "job.city",
    "pk": 27,
    "fields": {
        "name": "Wellington Central",
        "region": 9
    }
},
{
    "model": "job.city",
    "pk": 28,
    "fields": {
        "name": "Hutt Valley",
        "region": 9
    }
},
{
    "model": "job.city",
    "pk": 29,
    "fields": {
        "name": "Porirua\\Kapiti Coast",
        "region": 9
    }
},
{
    "model": "job.city",
    "pk": 30,
    "fields": {
        "name": "Rest of Wellington",
        "region": 9
    }
},
{
    "model": "job.city",
    "pk": 31,
    "fields": {
        "name": "Rest of Tasman",
        "region": 10
    }
},
{
    "model": "job.city",
    "pk": 32,
    "fields": {
        "name": "Nelson",
        "region": 11
    }
},
{
    "model": "job.city",
    "pk": 33,
    "fields": {
        "name": "Rest of Nelson",
        "region": 11
    }
},
{
    "model": "job.city",
    "pk": 34,
    "fields": {
        "name": "Blenheim",
        "region": 12
    }
},
{
    "model": "job.city",
    "pk": 35,
    "fields": {
        "name": "Rest of Marlborough",
        "region": 12
    }
},
{
    "model": "job.city",
    "pk": 36,
    "fields": {
        "name": "Greymouth",
        "region": 13
    }
},
{
    "model": "job.city",
    "pk": 37,
    "fields": {
        "name": "Rest of West Coast",
        "region": 13
    }
},
{
    "model": "job.city",
    "pk": 38,
    "fields": {
        "name": "Christchurch",
        "region": 14
    }
},
{
    "model": "job.city",
    "pk": 39,
    "fields": {
        "name": "North Canterbury",
        "region": 14
    }
},
{
    "model": "job.city",
    "pk": 40,
    "fields": {
        "name": "Timaru\\South Canterbury",
        "region": 14
    }
},
{
    "model": "job.city",
    "pk": 41,
    "fields": {
        "name": "Rest of Canterbury",
        "region": 14
    }
},
{
    "model": "job.city",
    "pk": 42,
    "fields": {
        "name": "Dunedin",
        "region": 15
    }
},
{
    "model": "job.city",
    "pk": 43,
    "fields": {
        "name": "Queenstown",
        "region": 15
    }
},
{
    "model": "job.city",
    "pk": 44,
    "fields": {
        "name": "Wanaka",
        "region": 15
    }
},
{
    "model": "job.city",
    "pk": 45,
    "fields": {
        "name": "Alexandra",
        "region": 15
    }
},
{
    "model": "job.city",
    "pk": 46,
    "fields": {
        "name": "Oamaru",
        "region": 15
    }
},
{
    "model": "job.city",
    "pk": 47,
    "fields": {
        "name": "Rest of Otago",
        "region": 15
    }
},
{
    "model": "job.city",
    "pk": 48,
    "fields": {
        "name": "Invercargill",
        "region": 16
    }
},
{
    "model": "job.city",
    "pk": 49,
    "fields": {
        "name": "Rest of Southland",
        "region": 16
    }
},
{
    "model": "job.category",
    "pk": 1,
    "fields": {
        "name": "Programming"
    }
},
{
    "model": "job.category",
    "pk": 2,
    "fields": {
        "name": "Design"
    }
},
{
    "model": "job.jobtype",
    "pk": 1,
    "fields": {
        "name": "One off"
    }
},
{
    "model": "job.jobtype",
    "pk": 2,
    "fields": {
        "name": "Casual"
    }
},
{
    "model": "job.jobtype",
    "pk": 3,
    "fields": {
        "name": "Temp"
    }
},
{
    "model": "job.jobtype",
    "pk": 4,
    "fields": {
        "name": "Fixed Term"
    }
},
{
    "model": "socialaccount.socialapp",
    "pk": 1,
    "fields": {
        "provider": "github",
        "name": "github",
        "client_id": "2034745644403a93b410",
        "secret": "d4b9456057e6daa655c57d2c45f89c8c85fd15f1",
        "key": "",
        "sites": [
            1
        ]
    }
},
{
    "model": "socialaccount.socialapp",
    "pk": 2,
    "fields": {
        "provider": "linkedin",
        "name": "linkedin",
        "client_id": "754quuztq1mcnb",
        "secret": "G910eqZwgzIKPLXA",
        "key": "",
        "sites": [
            1
        ]
    }
},
{
    "model": "socialaccount.socialtoken",
    "pk": 1,
    "fields": {
        "app": 1,
        "account": 1,
        "token": "33f2d990c1912e0a65db88995a294c8bf64b181b",
        "token_secret": "",
        "expires_at": null
    }
},
{
    "model": "auth.permission",
    "pk": 1,
    "fields": {
        "name": "Can add permission",
        "content_type": 1,
        "codename": "add_permission"
    }
},
{
    "model": "auth.permission",
    "pk": 2,
    "fields": {
        "name": "Can change permission",
        "content_type": 1,
        "codename": "change_permission"
    }
},
{
    "model": "auth.permission",
    "pk": 3,
    "fields": {
        "name": "Can delete permission",
        "content_type": 1,
        "codename": "delete_permission"
    }
},
{
    "model": "auth.permission",
    "pk": 4,
    "fields": {
        "name": "Can add group",
        "content_type": 2,
        "codename": "add_group"
    }
},
{
    "model": "auth.permission",
    "pk": 5,
    "fields": {
        "name": "Can change group",
        "content_type": 2,
        "codename": "change_group"
    }
},
{
    "model": "auth.permission",
    "pk": 6,
    "fields": {
        "name": "Can delete group",
        "content_type": 2,
        "codename": "delete_group"
    }
},
{
    "model": "auth.permission",
    "pk": 7,
    "fields": {
        "name": "Can add user",
        "content_type": 3,
        "codename": "add_user"
    }
},
{
    "model": "auth.permission",
    "pk": 8,
    "fields": {
        "name": "Can change user",
        "content_type": 3,
        "codename": "change_user"
    }
},
{
    "model": "auth.permission",
    "pk": 9,
    "fields": {
        "name": "Can delete user",
        "content_type": 3,
        "codename": "delete_user"
    }
},
{
    "model": "auth.permission",
    "pk": 10,
    "fields": {
        "name": "Can add content type",
        "content_type": 4,
        "codename": "add_contenttype"
    }
},
{
    "model": "auth.permission",
    "pk": 11,
    "fields": {
        "name": "Can change content type",
        "content_type": 4,
        "codename": "change_contenttype"
    }
},
{
    "model": "auth.permission",
    "pk": 12,
    "fields": {
        "name": "Can delete content type",
        "content_type": 4,
        "codename": "delete_contenttype"
    }
},
{
    "model": "auth.permission",
    "pk": 13,
    "fields": {
        "name": "Can add session",
        "content_type": 5,
        "codename": "add_session"
    }
},
{
    "model": "auth.permission",
    "pk": 14,
    "fields": {
        "name": "Can change session",
        "content_type": 5,
        "codename": "change_session"
    }
},
{
    "model": "auth.permission",
    "pk": 15,
    "fields": {
        "name": "Can delete session",
        "content_type": 5,
        "codename": "delete_session"
    }
},
{
    "model": "auth.permission",
    "pk": 16,
    "fields": {
        "name": "Can add site",
        "content_type": 6,
        "codename": "add_site"
    }
},
{
    "model": "auth.permission",
    "pk": 17,
    "fields": {
        "name": "Can change site",
        "content_type": 6,
        "codename": "change_site"
    }
},
{
    "model": "auth.permission",
    "pk": 18,
    "fields": {
        "name": "Can delete site",
        "content_type": 6,
        "codename": "delete_site"
    }
},
{
    "model": "auth.permission",
    "pk": 19,
    "fields": {
        "name": "Can add log entry",
        "content_type": 7,
        "codename": "add_logentry"
    }
},
{
    "model": "auth.permission",
    "pk": 20,
    "fields": {
        "name": "Can change log entry",
        "content_type": 7,
        "codename": "change_logentry"
    }
},
{
    "model": "auth.permission",
    "pk": 21,
    "fields": {
        "name": "Can delete log entry",
        "content_type": 7,
        "codename": "delete_logentry"
    }
},
{
    "model": "auth.permission",
    "pk": 22,
    "fields": {
        "name": "Can add tag",
        "content_type": 8,
        "codename": "add_tag"
    }
},
{
    "model": "auth.permission",
    "pk": 23,
    "fields": {
        "name": "Can change tag",
        "content_type": 8,
        "codename": "change_tag"
    }
},
{
    "model": "auth.permission",
    "pk": 24,
    "fields": {
        "name": "Can delete tag",
        "content_type": 8,
        "codename": "delete_tag"
    }
},
{
    "model": "auth.permission",
    "pk": 25,
    "fields": {
        "name": "Can add tagged item",
        "content_type": 9,
        "codename": "add_taggeditem"
    }
},
{
    "model": "auth.permission",
    "pk": 26,
    "fields": {
        "name": "Can change tagged item",
        "content_type": 9,
        "codename": "change_taggeditem"
    }
},
{
    "model": "auth.permission",
    "pk": 27,
    "fields": {
        "name": "Can delete tagged item",
        "content_type": 9,
        "codename": "delete_taggeditem"
    }
},
{
    "model": "auth.permission",
    "pk": 28,
    "fields": {
        "name": "Can add region",
        "content_type": 10,
        "codename": "add_region"
    }
},
{
    "model": "auth.permission",
    "pk": 29,
    "fields": {
        "name": "Can change region",
        "content_type": 10,
        "codename": "change_region"
    }
},
{
    "model": "auth.permission",
    "pk": 30,
    "fields": {
        "name": "Can delete region",
        "content_type": 10,
        "codename": "delete_region"
    }
},
{
    "model": "auth.permission",
    "pk": 31,
    "fields": {
        "name": "Can add city",
        "content_type": 11,
        "codename": "add_city"
    }
},
{
    "model": "auth.permission",
    "pk": 32,
    "fields": {
        "name": "Can change city",
        "content_type": 11,
        "codename": "change_city"
    }
},
{
    "model": "auth.permission",
    "pk": 33,
    "fields": {
        "name": "Can delete city",
        "content_type": 11,
        "codename": "delete_city"
    }
},
{
    "model": "auth.permission",
    "pk": 34,
    "fields": {
        "name": "Can add category",
        "content_type": 12,
        "codename": "add_category"
    }
},
{
    "model": "auth.permission",
    "pk": 35,
    "fields": {
        "name": "Can change category",
        "content_type": 12,
        "codename": "change_category"
    }
},
{
    "model": "auth.permission",
    "pk": 36,
    "fields": {
        "name": "Can delete category",
        "content_type": 12,
        "codename": "delete_category"
    }
},
{
    "model": "auth.permission",
    "pk": 40,
    "fields": {
        "name": "Can add job type",
        "content_type": 14,
        "codename": "add_jobtype"
    }
},
{
    "model": "auth.permission",
    "pk": 41,
    "fields": {
        "name": "Can change job type",
        "content_type": 14,
        "codename": "change_jobtype"
    }
},
{
    "model": "auth.permission",
    "pk": 42,
    "fields": {
        "name": "Can delete job type",
        "content_type": 14,
        "codename": "delete_jobtype"
    }
},
{
    "model": "auth.permission",
    "pk": 43,
    "fields": {
        "name": "Can add job",
        "content_type": 15,
        "codename": "add_job"
    }
},
{
    "model": "auth.permission",
    "pk": 44,
    "fields": {
        "name": "Can change job",
        "content_type": 15,
        "codename": "change_job"
    }
},
{
    "model": "auth.permission",
    "pk": 45,
    "fields": {
        "name": "Can delete job",
        "content_type": 15,
        "codename": "delete_job"
    }
},
{
    "model": "auth.permission",
    "pk": 46,
    "fields": {
        "name": "Can add Job Application",
        "content_type": 16,
        "codename": "add_jobapply"
    }
},
{
    "model": "auth.permission",
    "pk": 47,
    "fields": {
        "name": "Can change Job Application",
        "content_type": 16,
        "codename": "change_jobapply"
    }
},
{
    "model": "auth.permission",
    "pk": 48,
    "fields": {
        "name": "Can delete Job Application",
        "content_type": 16,
        "codename": "delete_jobapply"
    }
},
{
    "model": "auth.permission",
    "pk": 49,
    "fields": {
        "name": "Can add user profile",
        "content_type": 17,
        "codename": "add_userprofile"
    }
},
{
    "model": "auth.permission",
    "pk": 50,
    "fields": {
        "name": "Can change user profile",
        "content_type": 17,
        "codename": "change_userprofile"
    }
},
{
    "model": "auth.permission",
    "pk": 51,
    "fields": {
        "name": "Can delete user profile",
        "content_type": 17,
        "codename": "delete_userprofile"
    }
},
{
    "model": "auth.permission",
    "pk": 52,
    "fields": {
        "name": "Can add registration profile",
        "content_type": 18,
        "codename": "add_registrationprofile"
    }
},
{
    "model": "auth.permission",
    "pk": 53,
    "fields": {
        "name": "Can change registration profile",
        "content_type": 18,
        "codename": "change_registrationprofile"
    }
},
{
    "model": "auth.permission",
    "pk": 54,
    "fields": {
        "name": "Can delete registration profile",
        "content_type": 18,
        "codename": "delete_registrationprofile"
    }
},
{
    "model": "auth.permission",
    "pk": 55,
    "fields": {
        "name": "Can add user social auth",
        "content_type": 19,
        "codename": "add_usersocialauth"
    }
},
{
    "model": "auth.permission",
    "pk": 56,
    "fields": {
        "name": "Can change user social auth",
        "content_type": 19,
        "codename": "change_usersocialauth"
    }
},
{
    "model": "auth.permission",
    "pk": 57,
    "fields": {
        "name": "Can delete user social auth",
        "content_type": 19,
        "codename": "delete_usersocialauth"
    }
},
{
    "model": "auth.permission",
    "pk": 58,
    "fields": {
        "name": "Can add nonce",
        "content_type": 20,
        "codename": "add_nonce"
    }
},
{
    "model": "auth.permission",
    "pk": 59,
    "fields": {
        "name": "Can change nonce",
        "content_type": 20,
        "codename": "change_nonce"
    }
},
{
    "model": "auth.permission",
    "pk": 60,
    "fields": {
        "name": "Can delete nonce",
        "content_type": 20,
        "codename": "delete_nonce"
    }
},
{
    "model": "auth.permission",
    "pk": 61,
    "fields": {
        "name": "Can add association",
        "content_type": 21,
        "codename": "add_association"
    }
},
{
    "model": "auth.permission",
    "pk": 62,
    "fields": {
        "name": "Can change association",
        "content_type": 21,
        "codename": "change_association"
    }
},
{
    "model": "auth.permission",
    "pk": 63,
    "fields": {
        "name": "Can delete association",
        "content_type": 21,
        "codename": "delete_association"
    }
},
{
    "model": "auth.permission",
    "pk": 64,
    "fields": {
        "name": "Can add social application token",
        "content_type": 22,
        "codename": "add_socialtoken"
    }
},
{
    "model": "auth.permission",
    "pk": 65,
    "fields": {
        "name": "Can change social application token",
        "content_type": 22,
        "codename": "change_socialtoken"
    }
},
{
    "model": "auth.permission",
    "pk": 66,
    "fields": {
        "name": "Can delete social application token",
        "content_type": 22,
        "codename": "delete_socialtoken"
    }
},
{
    "model": "auth.permission",
    "pk": 67,
    "fields": {
        "name": "Can add user dashboard module",
        "content_type": 24,
        "codename": "add_userdashboardmodule"
    }
},
{
    "model": "auth.permission",
    "pk": 68,
    "fields": {
        "name": "Can change user dashboard module",
        "content_type": 24,
        "codename": "change_userdashboardmodule"
    }
},
{
    "model": "auth.permission",
    "pk": 69,
    "fields": {
        "name": "Can delete user dashboard module",
        "content_type": 24,
        "codename": "delete_userdashboardmodule"
    }
},
{
    "model": "auth.permission",
    "pk": 70,
    "fields": {
        "name": "Can add bookmark",
        "content_type": 25,
        "codename": "add_bookmark"
    }
},
{
    "model": "auth.permission",
    "pk": 71,
    "fields": {
        "name": "Can change bookmark",
        "content_type": 25,
        "codename": "change_bookmark"
    }
},
{
    "model": "auth.permission",
    "pk": 72,
    "fields": {
        "name": "Can delete bookmark",
        "content_type": 25,
        "codename": "delete_bookmark"
    }
},
{
    "model": "auth.permission",
    "pk": 73,
    "fields": {
        "name": "Can add pinned application",
        "content_type": 26,
        "codename": "add_pinnedapplication"
    }
},
{
    "model": "auth.permission",
    "pk": 74,
    "fields": {
        "name": "Can change pinned application",
        "content_type": 26,
        "codename": "change_pinnedapplication"
    }
},
{
    "model": "auth.permission",
    "pk": 75,
    "fields": {
        "name": "Can delete pinned application",
        "content_type": 26,
        "codename": "delete_pinnedapplication"
    }
},
{
    "model": "auth.permission",
    "pk": 76,
    "fields": {
        "name": "Can add email address",
        "content_type": 27,
        "codename": "add_emailaddress"
    }
},
{
    "model": "auth.permission",
    "pk": 77,
    "fields": {
        "name": "Can change email address",
        "content_type": 27,
        "codename": "change_emailaddress"
    }
},
{
    "model": "auth.permission",
    "pk": 78,
    "fields": {
        "name": "Can delete email address",
        "content_type": 27,
        "codename": "delete_emailaddress"
    }
},
{
    "model": "auth.permission",
    "pk": 79,
    "fields": {
        "name": "Can add email confirmation",
        "content_type": 28,
        "codename": "add_emailconfirmation"
    }
},
{
    "model": "auth.permission",
    "pk": 80,
    "fields": {
        "name": "Can change email confirmation",
        "content_type": 28,
        "codename": "change_emailconfirmation"
    }
},
{
    "model": "auth.permission",
    "pk": 81,
    "fields": {
        "name": "Can delete email confirmation",
        "content_type": 28,
        "codename": "delete_emailconfirmation"
    }
},
{
    "model": "auth.permission",
    "pk": 82,
    "fields": {
        "name": "Can add social application",
        "content_type": 23,
        "codename": "add_socialapp"
    }
},
{
    "model": "auth.permission",
    "pk": 83,
    "fields": {
        "name": "Can change social application",
        "content_type": 23,
        "codename": "change_socialapp"
    }
},
{
    "model": "auth.permission",
    "pk": 84,
    "fields": {
        "name": "Can delete social application",
        "content_type": 23,
        "codename": "delete_socialapp"
    }
},
{
    "model": "auth.permission",
    "pk": 85,
    "fields": {
        "name": "Can add social account",
        "content_type": 29,
        "codename": "add_socialaccount"
    }
},
{
    "model": "auth.permission",
    "pk": 86,
    "fields": {
        "name": "Can change social account",
        "content_type": 29,
        "codename": "change_socialaccount"
    }
},
{
    "model": "auth.permission",
    "pk": 87,
    "fields": {
        "name": "Can delete social account",
        "content_type": 29,
        "codename": "delete_socialaccount"
    }
},
{
    "model": "auth.permission",
    "pk": 88,
    "fields": {
        "name": "Can add notification",
        "content_type": 30,
        "codename": "add_notification"
    }
},
{
    "model": "auth.permission",
    "pk": 89,
    "fields": {
        "name": "Can change notification",
        "content_type": 30,
        "codename": "change_notification"
    }
},
{
    "model": "auth.permission",
    "pk": 90,
    "fields": {
        "name": "Can delete notification",
        "content_type": 30,
        "codename": "delete_notification"
    }
},
{
    "model": "auth.user",
    "pk": 1,
    "fields": {
        "password": "pbkdf2_sha256$20000$Su5bh7tremwK$D8iL8dhXNVWcu1ZwaFkkMTQG/yhgEG6CdAvEHD7I+Z4=",
        "last_login": "2016-08-12T04:41:10.175",
        "is_superuser": true,
        "username": "jamie",
        "first_name": "",
        "last_name": "",
        "email": "k1hosting@gmail.com",
        "is_staff": true,
        "is_active": true,
        "date_joined": "2016-08-12T04:38:06.840",
        "groups": [],
        "user_permissions": []
    }
},
{
    "model": "auth.user",
    "pk": 2,
    "fields": {
        "password": "pbkdf2_sha256$24000$RkpG2ob62zrL$kyBbFDDUOVTv/USKPo6zfllDyJSmIm0yr6TwJw81zTY=",
        "last_login": "2016-08-15T15:32:05.743",
        "is_superuser": true,
        "username": "veb",
        "first_name": "Mike",
        "last_name": "Mackenzie",
        "email": "mike@veb.co.nz",
        "is_staff": true,
        "is_active": true,
        "date_joined": "2016-08-12T04:46:14.912",
        "groups": [],
        "user_permissions": []
    }
},
{
    "model": "auth.user",
    "pk": 3,
    "fields": {
        "password": "pbkdf2_sha256$24000$bQAs6gRLBctz$BLeM2zDTrdizOYYhUgcbudujVJB0cm5998ujAjH1yho=",
        "last_login": "2016-08-15T14:59:14.632",
        "is_superuser": true,
        "username": "ray_arvin",
        "first_name": "Ray Arvin",
        "last_name": "Rimorin",
        "email": "rayarvin@gmail.com",
        "is_staff": true,
        "is_active": true,
        "date_joined": "2016-08-15T14:58:47.156",
        "groups": [],
        "user_permissions": []
    }
},
{
    "model": "admin.logentry",
    "pk": 1,
    "fields": {
        "action_time": "2016-08-12T04:43:42.299",
        "user": 1,
        "content_type": 23,
        "object_id": "1",
        "object_repr": "github",
        "action_flag": 1,
        "change_message": ""
    }
},
{
    "model": "admin.logentry",
    "pk": 2,
    "fields": {
        "action_time": "2016-08-12T04:44:13.642",
        "user": 1,
        "content_type": 23,
        "object_id": "2",
        "object_repr": "linkedin",
        "action_flag": 1,
        "change_message": ""
    }
},
{
    "model": "admin.logentry",
    "pk": 3,
    "fields": {
        "action_time": "2016-08-12T04:44:53.398",
        "user": 1,
        "content_type": 3,
        "object_id": "1",
        "object_repr": "jamie",
        "action_flag": 2,
        "change_message": "Changed password."
    }
},
{
    "model": "admin.logentry",
    "pk": 4,
    "fields": {
        "action_time": "2016-08-16T02:05:36.876",
        "user": 2,
        "content_type": 15,
        "object_id": "1",
        "object_repr": "Wordpress Plugin help",
        "action_flag": 2,
        "change_message": "Changed title."
    }
},
{
    "model": "job.job",
    "pk": 1,
    "fields": {
        "user": 3,
        "title": "Wordpress Plugin help",
        "category": 1,
        "description": "Donec iaculis nunc nec sed.\r\nProin quis posuere sapien. Pellentesque aliquet augue justo, at finibus quam euismod eu. Phasellus nec tellus id turpis tincidunt suscipit. Suspendisse id velit in sem suscipit vulputate id eget neque. In viverra, tellus vitae varius interdum, tortor tellus tempor sem, eu tincidunt eros nibh in justo. Cras et imperdiet ante. Aliquam in metus pulvinar, cursus odio a, laoreet purus. Aenean accumsan, mi eu mollis congue, odio tellus ultrices sem, vitae convallis mauris dui vitae orci.",
        "position": 0,
        "region": 2,
        "city": 5,
        "remote": 1,
        "created": "2016-08-15",
        "updated": "2016-08-16T02:05:36.857",
        "type": 2,
        "budget": 286,
        "ip": "225.225.225.225",
        "status": 1,
        "expires": "2016-08-31",
        "featured": null,
        "bold": null,
        "tag_list": "python,js"
    }
},
{
    "model": "job.userprofile",
    "pk": 1,
    "fields": {
        "user": 1,
        "location": "",
        "phone": ""
    }
},
{
    "model": "job.userprofile",
    "pk": 2,
    "fields": {
        "user": 2,
        "location": "",
        "phone": ""
    }
},
{
    "model": "job.userprofile",
    "pk": 3,
    "fields": {
        "user": 3,
        "location": "",
        "phone": ""
    }
},
{
    "model": "account.emailaddress",
    "pk": 1,
    "fields": {
        "user": 1,
        "email": "k1hosting@gmail.com",
        "verified": true,
        "primary": true
    }
},
{
    "model": "account.emailaddress",
    "pk": 2,
    "fields": {
        "user": 2,
        "email": "mike@veb.co.nz",
        "verified": true,
        "primary": true
    }
},
{
    "model": "account.emailaddress",
    "pk": 3,
    "fields": {
        "user": 3,
        "email": "rayarvin@gmail.com",
        "verified": true,
        "primary": true
    }
},
{
    "model": "socialaccount.socialaccount",
    "pk": 1,
    "fields": {
        "user": 2,
        "provider": "github",
        "uid": "376245",
        "last_login": "2016-08-12T04:46:14.948",
        "date_joined": "2016-08-12T04:46:14.948",
        "extra_data": "{\"bio\": null, \"site_admin\": false, \"updated_at\": \"2016-08-08T08:04:20Z\", \"gravatar_id\": \"\", \"hireable\": true, \"id\": 376245, \"followers_url\": \"https://api.github.com/users/veb/followers\", \"following_url\": \"https://api.github.com/users/veb/following{/other_user}\", \"blog\": \"http://veb.co.nz\", \"followers\": 15, \"location\": \"Dunedin, New Zealand\", \"type\": \"User\", \"email\": \"mike@veb.co.nz\", \"public_repos\": 22, \"events_url\": \"https://api.github.com/users/veb/events{/privacy}\", \"company\": \"veb ltd\", \"gists_url\": \"https://api.github.com/users/veb/gists{/gist_id}\", \"html_url\": \"https://github.com/veb\", \"subscriptions_url\": \"https://api.github.com/users/veb/subscriptions\", \"received_events_url\": \"https://api.github.com/users/veb/received_events\", \"starred_url\": \"https://api.github.com/users/veb/starred{/owner}{/repo}\", \"public_gists\": 44, \"name\": \"Mike Mackenzie\", \"organizations_url\": \"https://api.github.com/users/veb/orgs\", \"url\": \"https://api.github.com/users/veb\", \"created_at\": \"2010-08-25T22:38:44Z\", \"avatar_url\": \"https://avatars.githubusercontent.com/u/376245?v=3\", \"repos_url\": \"https://api.github.com/users/veb/repos\", \"following\": 28, \"login\": \"veb\"}"
    }
},
{
    "model": "notification.notification",
    "pk": 1,
    "fields": {
        "message": "August 16th 2016, 4:29:58 am",
        "action": "ping",
        "creator": 3,
        "assignee": 2,
        "job": 1,
        "created": "2016-08-15T15:29:58.844",
        "read_on": null
    }
},
{
    "model": "notification.notification",
    "pk": 2,
    "fields": {
        "message": "August 16th 2016, 4:30:04 am",
        "action": "ping",
        "creator": 3,
        "assignee": 2,
        "job": 1,
        "created": "2016-08-15T15:30:04.858",
        "read_on": null
    }
}
]
