[
{
    "model": "sites.site",
    "pk": 1,
    "fields": {
        "domain": "oddit.co.nz",
        "name": "OddIT"
    }
},
{
    "model": "tagging.tag",
    "pk": 1,
    "fields": {
        "name": "js"
    }
},
{
    "model": "tagging.tag",
    "pk": 2,
    "fields": {
        "name": "python"
    }
},
{
    "model": "tagging.taggeditem",
    "pk": 1,
    "fields": {
        "tag": 1,
        "content_type": 15,
        "object_id": 1
    }
},
{
    "model": "tagging.taggeditem",
    "pk": 2,
    "fields": {
        "tag": 2,
        "content_type": 15,
        "object_id": 1
    }
},
{
    "model": "job.region",
    "pk": 1,
    "fields": {
        "name": "Northland"
    }
},
{
    "model": "job.region",
    "pk": 2,
    "fields": {
        "name": "Auckland"
    }
},
{
    "model": "job.region",
    "pk": 3,
    "fields": {
        "name": "Waikato"
    }
},
{
    "model": "job.region",
    "pk": 4,
    "fields": {
        "name": "Bay of Plenty"
    }
},
{
    "model": "job.region",
    "pk": 5,
    "fields": {
        "name": "Gisborne"
    }
},
{
    "model": "job.region",
    "pk": 6,
    "fields": {
        "name": "Hawke's Bay"
    }
},
{
    "model": "job.region",
    "pk": 7,
    "fields": {
        "name": "Taranaki"
    }
},
{
    "model": "job.region",
    "pk": 8,
    "fields": {
        "name": "Manuwatu-Wanganui"
    }
},
{
    "model": "job.region",
    "pk": 9,
    "fields": {
        "name": "Wellington"
    }
},
{
    "model": "job.region",
    "pk": 10,
    "fields": {
        "name": "Tasman"
    }
},
{
    "model": "job.region",
    "pk": 11,
    "fields": {
        "name": "Nelson"
    }
},
{
    "model": "job.region",
    "pk": 12,
    "fields": {
        "name": "Marlborough"
    }
},
{
    "model": "job.region",
    "pk": 13,
    "fields": {
        "name": "West Coast"
    }
},
{
    "model": "job.region",
    "pk": 14,
    "fields": {
        "name": "Canterbury"
    }
},
{
    "model": "job.region",
    "pk": 15,
    "fields": {
        "name": "Otago"
    }
},
{
    "model": "job.region",
    "pk": 16,
    "fields": {
        "name": "Southland"
    }
},
{
    "model": "job.city",
    "pk": 2,
    "fields": {
        "name": "Whangarei",
        "region": 1
    }
},
{
    "model": "job.city",
    "pk": 3,
    "fields": {
        "name": "Kaitaia",
        "region": 1
    }
},
{
    "model": "job.city",
    "pk": 4,
    "fields": {
        "name": "Rest of Northland",
        "region": 1
    }
},
{
    "model": "job.city",
    "pk": 5,
    "fields": {
        "name": "Auckland Central",
        "region": 2
    }
},
{
    "model": "job.city",
    "pk": 6,
    "fields": {
        "name": "Manakau\\East Auckland",
        "region": 2
    }
},
{
    "model": "job.city",
    "pk": 7,
    "fields": {
        "name": "Papakura\\Franklin",
        "region": 2
    }
},
{
    "model": "job.city",
    "pk": 8,
    "fields": {
        "name": "Rodney\\North Shore",
        "region": 2
    }
},
{
    "model": "job.city",
    "pk": 9,
    "fields": {
        "name": "Waitakere\\West Auckland",
        "region": 2
    }
},
{
    "model": "job.city",
    "pk": 10,
    "fields": {
        "name": "Hamilton",
        "region": 3
    }
},
{
    "model": "job.city",
    "pk": 11,
    "fields": {
        "name": "Taupo",
        "region": 3
    }
},
{
    "model": "job.city",
    "pk": 12,
    "fields": {
        "name": "Theme\\Coromandel",
        "region": 3
    }
},
{
    "model": "job.city",
    "pk": 13,
    "fields": {
        "name": "Rest of Waikato",
        "region": 3
    }
},
{
    "model": "job.city",
    "pk": 14,
    "fields": {
        "name": "Rotorua",
        "region": 4
    }
},
{
    "model": "job.city",
    "pk": 15,
    "fields": {
        "name": "Tauranga",
        "region": 4
    }
},
{
    "model": "job.city",
    "pk": 16,
    "fields": {
        "name": "Rest of BOP",
        "region": 4
    }
},
{
    "model": "job.city",
    "pk": 17,
    "fields": {
        "name": "Gisborne",
        "region": 5
    }
},
{
    "model": "job.city",
    "pk": 18,
    "fields": {
        "name": "Rest of Gisborne",
        "region": 5
    }
},
{
    "model": "job.city",
    "pk": 19,
    "fields": {
        "name": "Hastings",
        "region": 6
    }
},
{
    "model": "job.city",
    "pk": 20,
    "fields": {
        "name": "Napier",
        "region": 6
    }
},
{
    "model": "job.city",
    "pk": 21,
    "fields": {
        "name": "Rest of Hawke's Bay",
        "region": 6
    }
},
{
    "model": "job.city",
    "pk": 22,
    "fields": {
        "name": "New Plymouth",
        "region": 7
    }
},
{
    "model": "job.city",
    "pk": 23,
    "fields": {
        "name": "Rest of Taranaki",
        "region": 7
    }
},
{
    "model": "job.city",
    "pk": 24,
    "fields": {
        "name": "Palmerston North",
        "region": 8
    }
},
{
    "model": "job.city",
    "pk": 25,
    "fields": {
        "name": "Wanganui",
        "region": 8
    }
},
{
    "model": "job.city",
    "pk": 26,
    "fields": {
        "name": "Rest of Manawatu-Wanganui",
        "region": 8
    }
},
{
    "model": "job.city",
    "pk": 27,
    "fields": {
        "name": "Wellington Central",
        "region": 9
    }
},
{
    "model": "job.city",
    "pk": 28,
    "fields": {
        "name": "Hutt Valley",
        "region": 9
    }
},
{
    "model": "job.city",
    "pk": 29,
    "fields": {
        "name": "Porirua\\Kapiti Coast",
        "region": 9
    }
},
{
    "model": "job.city",
    "pk": 30,
    "fields": {
        "name": "Rest of Wellington",
        "region": 9
    }
},
{
    "model": "job.city",
    "pk": 31,
    "fields": {
        "name": "Rest of Tasman",
        "region": 10
    }
},
{
    "model": "job.city",
    "pk": 32,
    "fields": {
        "name": "Nelson",
        "region": 11
    }
},
{
    "model": "job.city",
    "pk": 33,
    "fields": {
        "name": "Rest of Nelson",
        "region": 11
    }
},
{
    "model": "job.city",
    "pk": 34,
    "fields": {
        "name": "Blenheim",
        "region": 12
    }
},
{
    "model": "job.city",
    "pk": 35,
    "fields": {
        "name": "Rest of Marlborough",
        "region": 12
    }
},
{
    "model": "job.city",
    "pk": 36,
    "fields": {
        "name": "Greymouth",
        "region": 13
    }
},
{
    "model": "job.city",
    "pk": 37,
    "fields": {
        "name": "Rest of West Coast",
        "region": 13
    }
},
{
    "model": "job.city",
    "pk": 38,
    "fields": {
        "name": "Christchurch",
        "region": 14
    }
},
{
    "model": "job.city",
    "pk": 39,
    "fields": {
        "name": "North Canterbury",
        "region": 14
    }
},
{
    "model": "job.city",
    "pk": 40,
    "fields": {
        "name": "Timaru\\South Canterbury",
        "region": 14
    }
},
{
    "model": "job.city",
    "pk": 41,
    "fields": {
        "name": "Rest of Canterbury",
        "region": 14
    }
},
{
    "model": "job.city",
    "pk": 42,
    "fields": {
        "name": "Dunedin",
        "region": 15
    }
},
{
    "model": "job.city",
    "pk": 43,
    "fields": {
        "name": "Queenstown",
        "region": 15
    }
},
{
    "model": "job.city",
    "pk": 44,
    "fields": {
        "name": "Wanaka",
        "region": 15
    }
},
{
    "model": "job.city",
    "pk": 45,
    "fields": {
        "name": "Alexandra",
        "region": 15
    }
},
{
    "model": "job.city",
    "pk": 46,
    "fields": {
        "name": "Oamaru",
        "region": 15
    }
},
{
    "model": "job.city",
    "pk": 47,
    "fields": {
        "name": "Rest of Otago",
        "region": 15
    }
},
{
    "model": "job.city",
    "pk": 48,
    "fields": {
        "name": "Invercargill",
        "region": 16
    }
},
{
    "model": "job.city",
    "pk": 49,
    "fields": {
        "name": "Rest of Southland",
        "region": 16
    }
},
{
    "model": "job.category",
    "pk": 1,
    "fields": {
        "name": "Programming"
    }
},
{
    "model": "job.category",
    "pk": 2,
    "fields": {
        "name": "Design"
    }
},
{
    "model": "job.jobtype",
    "pk": 1,
    "fields": {
        "name": "One off"
    }
},
{
    "model": "job.jobtype",
    "pk": 2,
    "fields": {
        "name": "Casual"
    }
},
{
    "model": "job.jobtype",
    "pk": 3,
    "fields": {
        "name": "Temp"
    }
},
{
    "model": "job.jobtype",
    "pk": 4,
    "fields": {
        "name": "Fixed Term"
    }
},
{
    "model": "socialaccount.socialapp",
    "pk": 1,
    "fields": {
        "provider": "github",
        "name": "github",
        "client_id": "2034745644403a93b410",
        "secret": "d4b9456057e6daa655c57d2c45f89c8c85fd15f1",
        "key": "",
        "sites": [
            1
        ]
    }
},
{
    "model": "socialaccount.socialapp",
    "pk": 2,
    "fields": {
        "provider": "linkedin",
        "name": "linkedin",
        "client_id": "754quuztq1mcnb",
        "secret": "G910eqZwgzIKPLXA",
        "key": "",
        "sites": [
            1
        ]
    }
}
]
